text,labels
ส่งของล่าช้ามากครับ,neg
ของไม่ตรงปกเลย,neg
ของที่สั่งได้ไม่ครบเลยทำไมร้านไม่รู้จักเช็ค,neg
บริการแย่,neg
ไม่อร่อยเลยไปร้านอื่นยังอร่อยกว่า,neg
พนักงานร้านนี้บริการไม่ดี แย่มากๆดเลย,neg
ร้านควรปรับปรุงเรื่องรสชาติและการบริการ,neg
อิผ้าอนามัยเหิ้ย ติดทุกอย่าง ยกเว้นกางเกงใน,neg
มันบ่แซบ,neg
ราคาไม่คุ้มกับสินค้า,neg
สินค้านี้ราคาค่อนข้างสูง,neg
รองเท้าสีนี้ไม่สวยเลย,neg
กระเป๋าใบนี้ไม่สวยเลย,neg
เสื้อตัวนี้เย็บไม่ดีเลย,neg
ร้านนี้ดูสกปรกมากเลย,neg
ในร้านจานชามดูเปื้อนมาก,neg
อีเหี้ยยยย ไม่สะอาดสัสๆเลย,neg
ระบบจ่างตังควรไวกว่านี้,neg
แม่ค้าทำอาหารช้ามาก,neg
ร้านส่งของไวมาก,pos
ร้านนี้บริการดีมากๆ,pos
พนักงานเสิร์ฟ เสิร์ฟของดีมากต้องให้ทิปเยอะๆแล้ว,pos
ร้านนี้อาหารรสชาติอร่อยมาก,pos
ห้างนี้ดูสะอาดสะอ้านน่ามามากๆ,pos
สินค้าตัวนี้ดูดีและราคาถูกมาก,pos
รองเท้าคู่นี้สวยมาก,pos
อีสัสร้านนี้แม่งโครตอร่อย,pos
ร้านนี้อร่อยเชี้ยๆ ต้องกลับมาซ้ำ,pos
พ่อค้านิสัยดีบริการดีมาก,pos
ทำออกมาแบบนี้โครตแจ่มบอกเลย,pos
อร่อยคุ้มราคามาก,pos
โปรโมชั่นตัวนี้คุ้มดีนะผมว่า,pos
ถุงยางตัวนี้ใช้แล้วรู้สึกเหมือนขึ้นสวรรค์,pos
แพคสิ้นค้าแน่นหนาดีมากเลยร้านนี้,pos
รสชาติติดปากมากร้านนี้,pos
สั่งแล้วได้ตามที่สั่งเลย ชอบๆ,pos
เสื้อตัวนี้สวยดีนะ,pos
หม้อทอดตัวนี้ใช้ดีมากเลย,pos
ร้านดูสวยน่าเขาไปใช้บริการมากๆ,pos
อิห่า แมคไม่คุ้มเลย เคฟซีน่าแดกกว่า ,neg
บุหรี่ไฟฟ้าน่าเกลียดกว่า,neg
พกปืนเถื่อนโทษยังน้อยกว่าบุหรี่ไฟฟ้าอีก,neg
เราจะต้องมาทรมานกับอาการผ้าอนามัยบาดในทุกๆเดือนเลยหรอวะ ฮืออออออ แดงหมดแล้วเด้อ,neg
เสียอย่างเดียวไม่มีกุ้ง,neg
ขโมยน้ำซุปไปทำแดกเองได้ป่ะ อิห่าเซ็ทหมูแพงเกิ๊น เพื่อนกูก็เป็นเจ้าของลูกชิ้นเอ็มเคสั่งถูกๆแดกได้ ,neg
ไฮเนเก้นท์ ถูกกินแล้วขมคอ,neg
พวกคนแก่ชอบขวางโลก,neg
ใส่ผ้าอนามัยนั่งจนตูดเป็นแผลละอ่ะ โห้ว,neg
ผู้หญิงที่ร้องเรียน ดูแล้วจ้องหาเรื่องเหมือนกันนะ โน้นก็ไม่ได้นี่ก็อย่าทำ ตลกอ่ะ,neg
ใจแคบแบบนี้ อยู่ที่ใหนไม่ได้หรอก ทำกับข้าวบ้านเค้า ก็ยังลำบาก สงสารป้ามากกว่า,neg
คนแบบนี้จะไปอยู่ไหนได้ เพราะ คุณต้องเข้าใจ เราต้องอยู่รวมโลก มนุษย์,neg
ไร้น้ำใจที่สุด ใจแคบ อยู่ร่วมสังคมไม่ได้หรอกคนแบบนี้,neg
คนแบบนี้อันตรายในสังคม,neg
ไม่แปลกใจที่พลอยมีนิสัยแบบนี้ ถูกเลี้ยงดูมาจากแม่ที่ไม่ค่อยมีความคิด,neg
ยังไงก็แก้ไม่หาย มันเป็นสันดานไปแล้ว ดูจากพฤติกรรมที่ผ่านมาไม่ธรรมดาเลย,neg
ตรรกะแม่ก็ผิด ลูกก็ถึงเป็นแบบนี้ เข้าใจพ่อที่ทิ้งลูก เพราะแม่เป็นแบบนี้ เข้าใจพ่อ,neg
ขออนุญาตไม่สงสารทั้งแม่ทั้งลูก เพราะหลายครอบครัวลำบากกว่านี้เค้ายังไม่ทำแบบนี้เลย,neg
เสียทั้งตัว เสียทั้งเงิน ผู้ชายถ้ามายุ่งเกี่ยวกับเงินของเราให้มีสติหน่อยนะ,neg
เป็นตอนที่ไร้สาระสุดๆ,neg
ผู้ชายคนนี้ต้องเสียใจไปตลอดชีวิต..ที่ทำกับลูกตัวเองแบบนี้,neg
ผมซื้อยี่ห้อแพงมาแต่ทำแล้วไม่เหมือนในคลิปเลย,neg
ลิงค์ร้านในช้อปปี้เข้าไปไม่เจอร้านแล้วอะคะ ,neg
เสียงพัดลมดังมากไหม เวลาเปิดใช้งาน,neg
ยังขาดความรู้หลายด้านในการรีวิวครับ​,neg
ชื่อราคาอันถูก ใช้แล้วควันขึ้นข้างบนคะ เหม็นใหม้มากคะ,neg
ชอบที่น้องบอกว่าไม่มีถูกไม่มีผิดชอบๆมากค่ะ,pos
รีวิว​ดีมากละเอียด​มากชอบค่ะ,pos
อันถูก ไม่ยุ่งยากในการล้าง มีแค่ตะแกรงเล็ก,pos
ไปเรา 900 พอ ขอบคุณรีวิว ครับ,pos
แบบนี้จะซื้อแพงทำไมเนี่ย เลยของถูกดีกว่าถูกแล้วดีมีอยู๋จริง,pos
ไม่ซื้อของแพง แล้วครับ ซื้อของถูกดีกว่าเยอะ เบคอนออกมาสวยน่ากินกว่าเยอะ5555!!!!!,pos
สีสวยน่าใช้,pos
รุ่นนี้ดีค่ะใช้อยู่ สั่งมา3หม้อแล้ว,pos
สุดยอดการรีวิวค่ะ,pos
น่ากินมากจ้า ดูแล้วหิวเลย ,pos
อย่างน่ากินเลย น่ากินกว่าอาหารตามสั่งบางร้านอีก,pos
น่าทานมากพี่ เย็นนี้ได้เมนู ลุกไปทำตามละ,pos
แค่ดูรูปปกก็หิวแล้ว,pos
น่าอร่อย​นะเนี้ย​,pos
สนุกมากครับ,pos
ผมชอบพี่ตั้งแต่เด็กเลยครับ ,pos
สรุปเนื้อเรื่องดีมากครับ,pos
เป็นคนที่ตั้งใจเล่นบาสสุดๆในยุคนี้ละ เต็มที่ตลอด ไม่มีติดแอ็ค,pos
กลายเป็นอัลบั้มโปรดไปแล้ว,pos
สุดมากกกก รักเบยย วงนี้,pos
ที่สุดของใจ,pos
สิ่งที่รอคอยได้เกิดขึ้นแล้ว,pos
ผมติดตามมาเมื่อ 7 ปีก่อนครับ ตั้งแต่เพลง ควันควันบุหรี่ ชอบทุกเพลงเลย,pos
แต่หละเพลง อินในหัวใจจริงๆครับ,pos
สนับสนุนตลอดไป,pos
ขอบคุณที่ทำให้รู้จักวงนี้นะ,pos
ทำไมเพลงคุณถึงได้เพราะขนาดนี้ ขอเก็บวงนี้ไว้ในใจอีกวงนะ,pos
โครตสุด,pos
เป็นวงโปรดของคนอกหักเสมอ,pos
ผมรักพวกคุณนะครับ,pos
ร้านตี๋น้อยถูกใจสิ่งนี้,pos
สนุกมากค้า ชอบเวลาไปทำคลิปแบบนี้,pos
คุมเสียงร้องดีครับ ดนตรีก็ดี,pos
พี่ๆเล่นเกินล้านนนเสมออ เต็มที่มากๆ,pos
เพลงโปรด กับวงสุดโปรด,pos
ส่งเธอนานแล้ว แต่เรายังอยู่ที่เดิม,neg
รอตั้งนาน,neg
กำลังจมกองน้ำตาอยู่เลย,neg
พร้อมนอนจมกองน้ำตา,neg
วันนี้ให้แม่ไปซื้อไก่ที่สาขาโลตัสชุมแพบริการแย่มากๆค่ะ,neg
Kfc สาขาซีคอนศรีนครินทร์ผมพาลูกมาทานร้านสกปรกมากบริการแย่,neg
นั่งในร้านร้อนมากๆ พนักงานก็เยอะแต่ปล่อยโต๊ะปล่อยร้านสกปรกหน้าร้านเลอะเทอะ,neg
พนักงานตะคอกใส่ทำสีหน้าไม่พอใจ,neg
เบอร์เกอร์มันคืออันน้อยลง,neg
เดี๋ยวนี้ชิ้นเล็กลงเยอะเลยครับ,neg
เครื่องหมดก็ไม่บอกแบบนี้ก็ไม่ไหวนะ,neg
รสชาติไก่แย่มากค่ะ แป้งแข็ง จืด ไม่อร่อยอย่างแรง,neg
ทำไมไก่ชิ้นเล็กลง,neg
ไม่อร่อย แย่กว่าเดิมมากๆครับ,neg
เค็มไปหน่อย,neg
พนักงานบอกรอไก่ 10 นาที คงแปบเดียว ล่อไป40นาที,neg
ไม่ยินดีกับอะไรทั้งนั้น ถ้าเราสองคนต้องจากกัน,neg
ผมเป็นคนโชคร้าย,neg
"ผมเป็นคนเลว
",neg
ผมเป็นคนที่ไม่มีใครรัก,neg
"ผมเป็นคนน่าเบื่อที่สุด
",neg
นี่ไม่ใช่อาหารที่ผมชอบ,neg
ฉันเบื่ออาหารมากๆ,neg
ทำไมตัวหนูไม่มีไรดี,neg
โลกดูไม่สดใสเลยสำหรับฉัน,neg
กูโครตไม่ชอบอะไรแบบนี้เลย,neg
ทำอะไรมีแต่เรื่องเสียหาย,neg
ชีวิตไม่เคยมีไรดีเลย,neg
ผ้ากันเปื้อนดูไม่สวยเลยนะฉันว่า,neg
ทำอะไรก็ดูไม่ดีไปหมดเลยนะตัวฉัน,neg
จะต้องเจอเรื่องแย่ๆแบบนี้ไปอีกเมื่อไหร่,neg
ตั้งแต่ปีนี้มายังไม่เจอเรื่องดีๆในชีวิตเลย,neg
เป็นคนที่ไม่ตั้งใจทำอะไรเลย,neg
วันนี้แกเล่นแย่ไปนะ,neg
ฟอร์มกากๆแบบนี้ยังกล้าเล่นหรอ,neg
ฝีมือแค่นี้ทำไมได้ลงสนามจัง,neg
เล่นห่วยแตกมาก,neg
ประเทศนี้เฮงซวย,neg
ภาครัฐบริการจัดการไรได้ไม่ดีเลย,neg
ถ้ายังทำแบบนี้อยู่ชาตินี้คงไม่เจริญ,neg
ห้องนอนนี้น่านอนมาก,pos
วันนี้เธอแต่งตัวได้น่ารักมาก,pos
ได้เยอะแถมอร่อยด้วยข้าวร้านนี้,pos
ขอให้มีความสุขมากๆนะ,pos
สมหวังทุกประการ,pos
รสชาติร้านนี้แม่งโครตแซ่บบบ,pos
เนื้อสดคุณภาพคับคั่งมาก,pos
แน่นอนว่าฉันกลับมาใช้บริการอีกแน่ บริการดีขนาดนี้,pos
ครีมตัวนี้ซึมไวและทนทาน,pos
ภาพที่เธอถ่ายมาสวยมากๆเลยแหละ,pos
เพลงอะไรเพราะมากๆเลย,pos
ฉันขอชื่นชมเลยว่าร้านนี้ของดีจริง,pos
เสื้อตัวสวยและใส่ดีมาก,pos
ลูกอมรสนี้หอมและหวานมากชอบเลย,pos
เพลงเพราะมากๆเลยค่ะ เป็นกำลังใจให้นะคะ,pos
ทำให้เราจิตนาการถึงแต่เรื่องราวดีๆ,pos
ขอบคุณที่ทำเพลงดีๆออกมานะคะ,pos
ชอบเพลงนี้มากเลยค่ะ ขอบคุณเพลงดีๆแบบนี้นะคะ,pos
ชอบเพลงที่เบาสบายแบบนี้มาก,pos
จริงใจสุดๆ ไม่เหมือนรีวิวอาหารรายการอื่นๆ,pos
ผมชอบดูพี่ทำอาหารในงบไม่เกิน แบบนี้,pos
ทำเสร็จแล้วน่ากินมาก อยากให้ ,pos
ชอบดูรายการนี้มาก โดยเฉพาะรายการอาหาร มันเป็นวิธีทำที่คนปกติทั่วไปทำจริงๆ ทำตามได้ง่ายมาก,pos
น่าอร่อยอ่ะพี่ อยากกิน ,pos
ดูมาแต่ระคลิป อยากทำกินเองแบบพี่มากเลย น่าอร่อยไปหมด อยากกินหมดทุกอย่าง5555 ,pos
ว้าว...เมนูโดนใจสุดสุดค่ะ,pos
ชอบการทำอาหารของพี่มากเลยครับ ติดตามแล้วครับ สู้ๆ,pos
ทำอาหารใด้เพลินมาก เหมือนไม่ยาก ไม่มีพิธีมากชอบๆๆ,pos
หู้ยยยเริ่ดด,pos
มันจึ้งมากกกกกกกก แม่,pos
เอวเอสมากแม่,pos
เอวเป็นเอวเลยแม่,pos
ชุดที่ดีระดับต้นๆที่เคยเห็นมา,pos
น่าจะเป็น11ตัวจริงที่ดีที่สุดในรอบปีเลย,pos
ดูโหดไม่เบา,pos
สุดเลยครับชุดนี้ พลังหนุ่มเลย,pos
ตอนนี้แกเป็นกองหน้าที่เก่งสุดในประเทศ ,pos
เนื้อผ้าหนาและอุ่นดีมากเลยครับ,pos
 ฉันชอบกลิ่นนี้! ,pos
กลิ่นหอม ติดทนทั้งวัน ฟินมาก,pos
กลิ่นนี้ของแท้แน่นอนเลย,pos
ขอบคุณที่แบ่งปันเรื่องราวดีๆในวันนี้ครับ,pos
ขอเป็นอีกหนึ่งกำลังใจให้ครับ,pos
สักวัน ท้องฟ้าของเราจะสดใส เป็นกำลังใจให้นะคะ,pos
ขนลุกบอกไม่ถูก ดีมากเลยอะ,pos
เพลงยอดเยี่ยม,pos
ศิลปินยอดเยี่ยม,pos
ของจริงก็คือของจริง,pos
หล่อรวยเท่สุดผู้หญิงคนไหนจะไม่ชอบ,pos
ผมว่า....เหนื่อยหน่อยนะ เรารู้ว่าทุกวันมันโครตเหนื่อยเลย ,neg
ว่าการตายที่น่าหดหู่ที่สุดรูปแบบหนึ่ง คือ การปล่อยให้ความเป็นตัวของตัวเองตายด้วยน้ำมือตัวเอง ,neg
เรื่องนี้ฟังแล้วน่าหดหู่มากๆเลย,neg
ฟังเรื่องนี้แล้วรู้สึกไม่อยากมีชีวิตอยู่เลย,neg
ทำไมคนเป็นพ่อแม่ต้องทำไรแย่ๆใส่เราด้วย,neg
โลกไม่ได้โหดร้ายกับฉัน,neg
ชีวิตเรามีแต่เรื่องเครียดๆนะ ช่วงนี้,neg
ฉันไม่ชอบหนังแนวนี้มากๆเลย,neg
ทุกอย่างดูเศร้าและไม่สนุกมากๆ,neg
กลิ่นห้องน้ำเหม็นมากใช้บริการไปได้ไง,neg
หมาตัวนี้เหม็นลูน่าเกลียดมาก,neg
การกระทำน่าเกลียดแบบนี้ไม่ควรเกิดขึ้น,neg
ครูวิชานี้สอนไม่ได้เรื่องเลย,neg
เด็กคนนี้นิสัยไม่ดีเอาสะเลย,neg
ใครพาทำแบบนี้พ่อแม่ไม่สั่งไม่สอนเลย,neg
ทำแบบนี้มันดูเลวร้ายมากเลยอ่ะ,neg
ให้น้อย เนื้อบาง ไม่อร่อยเลยอ่ะ,neg
รสชาติจืดไป ถ้วยจานดูไม่สะอาด,neg
ร้านมืดบริการไม่ดีเด็กเสิร์ฟน้อย,neg
ส่งช้า บริการไม่ทันใจเลย,neg
มีกลิ่นเหม็นในร้านดมแล้วจะอ้วกออกมาเลย,neg
เพลงนี้ไม่เพราะดูน่าเบื่อมากๆเลย,neg
วงนี้เล่นน่าเบื่อเล่นไม่เต็มที่,neg
ร้านนี้การจัดการไม่ดีจัดเหมือนเอาแต่กำไร,neg
รสชาติยี่ห้อนี้เปรี้ยวเกินไปกินไม่ได้เลย,neg
การแข่งครั้งนี้เหมือนจัดลวกๆไม่มีความเตรียมพร้อมอะไรเลย,neg
สภามหาลัยจัดการไรไม่ดีเลย อยากทำไรก็ทำไม่สนใจเสียงนักศึกษา,neg
ระบบขนส่งแย่มาก รถติดแล้วยังไม่ตรงเวลาอีก,neg
เป็นการกระทำที่ดูแย่มากไม่มีความกตัญญูเลย,neg
พ่อแม่แม่งหัวควย,neg
รักแค่ไหนก็ไม่อาจรั้งไว้ หากเขาอยากไป ,neg
ทำไมคุณบริการกับฉันแย่ขนาดนี้,neg
ถ้าคุณดีจริงฉันไม่เลิกกับคุณหรอก,neg
บ้านข้างๆส่งเสียงดังรบกวนคนอื่นตลอดเลย,neg
บ้านข้างๆชอบส่งกลิ่นมาเป็นประจำ,neg
กลิ่นเหม็นจากโรงงานน้ำตาล ฉันทนจะไม่ไหวแล้วค่ะ,neg
ฉันไม่ชอบนิสัยแบบนี้มากๆเลย,neg
ทุกวันนี้โรงพักตำรวจทั้งประเทศส่วนมากมีตำรวจเลวมากกว่าตำรวจดี,neg
มันเป็นยุคเสื่อมที่สุดในระบบราชการทุกองค์กรหลังปี57ถึงขณะนี้,neg
การแต่งตั้งโยกย้ายไม่เป็นธรรมเนื่องจากระบบยุติธรรมไม่มีประสิธิภาพ ,neg
สอยตตรงๆเลย นายกนั่นแหละตัวดีทำตำรวจเสีย,neg
นี้แหละมีนายกบ้าอำนวจตำรวจถึงกล้าทำชั่ว,neg
ฟังแล้ว”สลดใจครับ”กับการกระทำครั้งนี้มากๆครับ,neg
ทำไมมีนิสัยเลวๆแบบนี้,neg
ทำแบบนี้ไม่ดีเลย,neg
เลวแบบนี้คงแก้ไขไรไม่ได้หรอก,neg
บริการไม่ดีแบบนี้เจ๊งแน่นอน,neg
ทำช้าขนาดนี้ไม่ควรมาเปิดร้านเลยอ่ะ,neg
แก้ปัญหาแบบโง่ๆ,neg
ทำตัวมีปัญหา ,neg
ปัญหาเรื่องบูลลี่ เกิดขึ้นเพราะครูไม่ได้เรื่อง ครูใหญ่ไม่ได้เรื่อง,neg
ปล่อยปละละเลยเด็ก เอาแต่มาสอนแล้วก็กลับบ้านไป ไม่สนใจเรื่องจิตใจเด็ก ,neg
ครูทั้งหลายทำอะไรอยู่ ผอ? ไม่สนใจเลยเหรอ ,neg
โรงเรียนก็เฉยไม่สนใจเด็ก,neg
ครูควรทำหน้าทีให้ดีกว่านี้และโรงเรียนไม้ใช่ให้เด็กที่ถูกกระทำต้องเป็นคนย้าย,neg
อย่าให้ลูกทนเลยไม่คุ้ม ย้ายโรงเรียนเถ่อะ,neg
สังคมไม่ต้องการบุคคลประเภทบุลลี่ชาวบ้าน,neg
เด็กที่ทำมาจากครอบครัวที่เลี้ยงลูกมีปัญหาเลยแสดงออกใส่เพื่อนที่อ่อนแอสงสารนะเข้าใจ,neg
อยู่ที่โรงเรียนไม่ใส่ใจสอดส่องเด็กให้อยู่ในความเรียบร้อย,neg
ครูไม่ได้เรื่อง,neg
ทำไมมันน่ากลัวมากขึ้นทุกวันๆ,neg
เดี่ยวนี้การเรียนมันยาก,neg
ชอบดูถูกคนอื่นน่ะพ่อแม่มึงไม่สั่งสอนไงถ้าคิดได้แค่นั้นน่ะไม่ต้องเรียนหนังสือแล้วนั่นน่ะไปตายดีกว่าเมื่อไหร่ก็เจอแต่เรื่องนี้,neg
ผ.อไม่ได้เรื่อง,neg
เด็กโรคจิตมันเยอะ    เพราะโรงเรียนปล่อยไม่เอาจริง,neg
เห็นแล้วหดหู่จังเลย,neg
ทำชั่วเองไม่ต้องไปโทษคนอื่นเลย,neg
นิสัยตอแหลมากๆรับไม่ได้,neg
เราไม่ชอบเลยเวลามีคนมาด่า มาบูลี่ ไม่ชอบอะ ทุเรศสิ้นดี,neg
ครูไม่ใส่กับเรื่องพวกนี้เลย,neg
เมืองไทยมีความเหมาะสมทุกอย่าง,pos
ส้มตำร้านนี้แซ่บจริงๆนะ แม่ค้าก็แซ่บไม่แพ้กัน ,pos
ชอบแม่ค้าค่ะ เพราะพี่เค้าทำเป็น และใส่ใจในรายละเอียดของร้าน,pos
หูยยยย น่ากินทุกเมนู แซบส้มตำ แซ่บทั้งแม่ค้า,pos
ส้มตำเป็นตาแซบ แม่ค้ากะงามโพด อยากไป,pos
แม่ค้ายิ้มสวย มีเสน่ห์มาก,pos
ร้านนี้อร่อยทุกอย่างเลยค่ะ รสชาติอีสานของแท้,pos
ความภูมิใจของคนไทย.ประเทศไทย.อย่างที่สุดครับ.สุดยอดๆๆๆ,pos
ส่งเสริม นวัตรกรรมวิทยาศาสตร์ ความภาคภูมิใจแห่งชาติประเทศไทย ร่วมสนับสนุน,pos
สุดยอดฝีมือคนไทย รู้สึกภูมิใจมากคับ และขอขอบคุณผู้คิดค้นวิจัยและลงมือทำที่ทำให้พวกเราชาวไทยได้ภาคภูมิใจนะคับ,pos
ขอบคุณลุงมากที่ทำให้ไทยมีวันนี้,pos
เก่งมากครับฝือมือคนไทย ขอชมเชยไว้ ณ โอกาศนี้ครับ,pos
ไทยทำ ไทยใช้ไทยเจริญ .,pos
ขอบคุณรัฐบาล .หมอจนท.สาธารณสุข และคนไทยทุกคนช่วยกันป้องกันโรค จนผ่านไปด้วยดี,pos
เชื่อมั่นทีมรัฐบาลชุดนึ้มากๆค่ะ,pos
ขอบคุณแอดมินและทีมงานที่นำเรื่องจริงดีๆ​ ของไทยมาเผยแพร่​ ดูแล้วดีต่อใจมาก,pos
ตอนติดโควิทนี่ รู้เลย ภาครัฐดูแลดีอย่างมาก ที่พักหรู อาหารอย่างดี ที่สำคัญฟรีตลอดงาน,pos
ต้องขอบคุณทีมแพทย์สาธารณสุขของไทยทุกท่านที่ทุ่มเทและเสียสละ เก่งค่ะ แพทย์ไทยสุดยอด,pos
ใช่ค่ะ ผู้นำที่ดี ที่เก่ง ไม่จำเป็นต้องพูดเยอะ พูดมาก พูดโอ้อวด ,pos
ครูที่เวียดนามคือคนที่เรียนจบ ได้คะแนนสูงมากเป็นลำดับต้นๆ,pos
เด็กไทยมีความเป็นเลิศ​คณิตศาสตร์​ไม่น้อยหน้าเวียดนามเลยน๊ะ ,pos
เด็กเก่งอัจฉริยะ จะทำอะไรก็น่ารัก,pos
สุดยอด นัก คณิตศาสตร์ที่อายุน้อยที่สุดในโลก,pos
ทั้งเก่งและมีอารมณ์ขัน ดีแล้วครับน้องๆเรียนหนักไม่จำเป็นต้องเครียด,pos
หนูๆ พูดได้ดีค่ะลูกสุดยอดโชคดีนะคะลูกๆ ค,pos
เด็กไทยเก่งมากครับเยี่ยม,pos
สุดยอดไปเลย,pos
ยินดีกับน้องเทนนิสด้วยค่ะ ทุกคนภูมิใจในตัวน้องมากๆๆ,pos
อนาคตสดใสแน่นอน,pos
โค้ชเกาหลี สุดยอด ปั้นน้อง จาก ไม่มีฝีมือ จนกลายเป็นแชมป์โลก,pos
สปิริตคู่แข่งดีมากถึงจะเสียใจแค่ไหนก็ยังแสดงความดีใจกับผู้ชนะ,pos
ปลื้มมมม สุดยอดมาากกก ขอบคุณน้องเทนนิส โค๊ช เเละทีม ที่สร้างความสุขให้คนไทยนะคะ,pos
น้ำใจนักกีฬา สู้จนวินาทีสุดท้าย จิตใจแข็งแกร่งมาก นับถือ,pos
ในสถานการณ์แบบนี้ พวกคุณต้องแกร่งทั้งกายและใจ ยอดเยี่ยมจริงๆค่ะ,pos
ชนะด้วยสกอร์ต่อสกอร์แบบนี้มันสะใจที่สุด ,pos
ไทยเราพัฒนาจริงๆด้วย นักกีฬาไทยดูดีมาก หลายชนิดกีฬาเลย,pos
สุดยอดครับ นับถือน้ำใจนักกีฬาทุกคน ปาดกันที่ 30 วินาทีสุดท้าย สุดยอดจริงๆ ,pos
สุดยอด น้ำตาไหลเลย เยี่ยมจริงๆ,pos
ทั้งสะใจทั้งยอดเยี่ยมทีมไทย สุดยิดมากๆเจ้าหนู,pos
ชายผู้ที่เก่งและมากไปด้วยพรแสวง ,pos
ชายที่ทุ่มเททุก​เกมที่เล่นกระหายชัยชนะ​ใจ​สู้​ตลอดเวลา​ถ้า​ทีมไหนมีความมุ่งมั่น​ซัก10คนในทีมไม่ต้อง​สืบ,pos
ใครจะว่ายังงัยก็ช่างเราจะมองนายเป็นสิ่งมหัศจรรย์เสมอ ,pos
ขอบคุณที่ทำคลิปนี้ขึ้นมานะครับ ขอบคุณที่คืนความยุติธรรมให้ชายคนนี้บ้าง ,pos
สุดยอดนักเตะ สุดยอดของการทุ่มเท เขาไม่ได้เห็นแก่ตัว,pos
ผมคนนึ่งที่รักผู้​ชายคนนี้ตลอดกาล​🇵🇹🇵🇹🇵🇹และตลอดไป​ ,pos
ใครจะลืมก็ลืมไปครับ แต่ผมไม่มีวันลืม ไอดอลตลอดกาลของผม ,pos
ไม่ว่าคุณจะอยู่ที่ไหน คุณก็คือนักเตะในดวงใจของผม,pos
หุ่นดี​มีเสน่ห์​รูปร่าง​เป๊ะมาก​เต้นได้​ดีมีสเต็ป​,pos
แพรจ๋าสุดสวย หุ่นดี เเข็งแกร่งมา ฮากระจาย,pos
ขอบคุณที่ทำสิ่งนี้ขึ้นมานะคะ มันดีมากจริงๆ สิ่งที่พวกพี่ๆทำอยู่ พวกเรารับรู้มันด้วยใจ ,pos
รักพวกคุณเสมอ ดีไปหมด ,pos
ชอบมาก รักคอนเสิร์ตเวอร์ชันนี้มาก มันทำให้รักเพลงในอัลบั้มนี้ยิ่งขึ้นไปอีก,pos
ให้​สม​กับ​ที่ประชาชน​ชื่นชม​สู้​ๆ​นะคะ​,pos
เป็นกลจ.ให้ทั้งคู่.สู้ๆ.อย่าใด้ถอย..เราจะคอยดู.บนดอย,pos
เปิดมาก็ฮาเลย55555,pos
คิดถึงมากๆน้ำตาจะไหลเลยคับ,pos
พอใจในสิ่งที่มี บางที่อาจมีความสุข สุดยอดครับ พี่,pos
เ​พลงเพราะแถมมันส์มากครับ ,pos
ชอบวงนี้มากๆ,pos
ฟังพี่ๆพูดละตลกดี,pos
สงสารคุณยายมากที่สุด หัวอกคนเป็นแม่,neg
น่าสงสาร หัวอกแม่ หัวใจไร้จุดหมาย ,neg
หลายรายแล้วที่โดนแบบนี้ ไม่มีหน่วยงานใหนออกมารับผิดชอบ,neg
น่าสงสารเห็นแล้วน้ำตาไหล,neg
หลุดจากโลกแห่งความจิงที่รับไม่ได้,neg
เขาแค่น้อยใจที่พ่อไม่ทำตามคำพูด ว่าจะมารับลูกแต่ไม่มา ,neg
นี่สะเทือนใจกับครอบครัว ทุกๆท่าน ขอแสดงความเสียใจกับครอบครัวทุกๆท่านค่ะ,neg
เป็นคดีที่สะเทือนใจจริงๆ,neg
ถ้าไม่มีการโกงกินในระบบทหารระว่างผู้บังคับบัญชากับลูกน้อง เหตุการณ์แบบนี้คงไม่เหตุขึ้น.,neg
ถ้าระบบทหารดีกว่านี้คงไม่มีเหตุการณ์ จ่าคลั่ง,neg
โดนปิดทางออกทุกทาง​ จ่าเหมือนระเบิดเวลาที่โดนตั้งไว้โดยนายของเขา​ ของแบบนี้ไม่โดนกับตัวไม่รู้หรอก,neg
เคยฟังข่าวที่คนฆ่ากันตาย ยังไม่เศร้าเท่าข่าวนี้เลย,neg
ข่าวนี้ฟังแล้วน้ำตาไหล น่าสงสารเด็กมากๆเลย ,neg
สงสารเด็กนะ พ่อแม่ทิ้ง ย่าไม่เอา กรรมของเด็ก อนาคตมืดมน มีความเสี่ยงสูงมากที่น้องจะเดินทางผิด เศร้านะ,neg
สงสารน้องเค้า,neg
เด้กไม่ผิดหรอก ผุ้ใหญนี่แหละ ไม่ใส่ใจดูแลให้ความอบอุ่นเขา ให้กำเนิดเขามาแล้ว ก้อไม่ดูแล ไม่รับผิดชอบชีวิตเขา,neg
โทษแต่คนอื่น .. แต่ไม่เคยโทษตัวเองเลย,neg
อยู่กับสังคมผิดๆ ก็จะเป็นแบบนี้ ไม่ว่าจะใครๆ,neg
ทำไมเรารู้สึกหดหู่ใจมากอย่างงี้ ,neg
คนมีอำนาจไม่คำนึงถึงสิ่งที่จะเกิดขึ้นหลังจากนี้,neg
ยิ่งทำยิ่งเสื่อมครับนาย,neg
ตัดอำนาจศาลบ้างเถอะว่ะ ใช้มั่วไปทั่ว ไอ้ห่าเงินเดือนมาจากภาษีประชาชนหัดรับใช้ประชาชนสิ,neg
พูดความจริงไม่ได้ น่าอายมาก,neg
มันน่าเศร้า,neg
อะไรอีกอ่ะ ไปจับคนชั่วๆๆหรือโกงบ้านโกงเมืองดีไหมคะ ,neg
ทำไมถึงใจร้ายอย่างนี้,neg
นี้แหละกฎหมายไทยเฮงซวย,neg
ทำไหมพวกมึงถึงจับเขาแค่พูดพวกจะตายหรือไง,neg
อนาคตของชาติ ต้องมาดับเพราะผู้ใหญ่ ที่ไม่อยากให้ประเทศก้าวหน้า,neg
ศาลไม่มีธรรม,neg
ถ้าคนที่เราไม่ชอบ..พูดอะไรก็ผิด.,neg
ผู้หญิงคนนี้เป็น สส ที่มีวุฒิภาวะต่ำมาก ,neg
ไม่สามารถควบคุมอารมณ์ ความคิดให้อยู่ในกรอบได้เลย,neg
น่าสมเพชนะครับ ทั้งการใช้คำพูดของคนเป็น สส.,neg
อนาถใจจริงๆ ไปทำกับผู้สูงวัยที่เห็นต่างเยี่ยงงี้ได้ไงนี่,neg
คนเกลียดเป็นล้าน,neg
ใครที่รังแกคนบริสุทธิ์ ขอให้ครอบครัวมันวิบัติ ในเร็ววันด้วยเถิด.,neg
หมดศรัทธาผู้นำรัฐบาลเช่นนี้,neg
ถ้าจิตใจความเป็นคนมี คงไม่มีภาพเหตุการณ์แบบนี้ ,neg
ทำแบบนี้ประเทศไม่มีทางพัฒนาแน่ๆ,neg
พี่ตัดต่อทำดีมาก ,pos
เป็นภาพที่มีความสุข ,pos
ขอบคุณทุกๆคนนะครับนอกจากจะสร้างเสียงหัวเราะให้แล้ว ยังเห็นความรักและความผูกพันธ์​ของทุกๆท่าน ,pos
ขอบคุณนะครับที่สร้างเสียงหัวเราะให้กับพวกเรา ,pos
เป็นคลิปที่อิ่มอกอิ่มใจสำหรับชาวร็อคเลย ร็อคโว้ยยย,pos
เทปนี้เป็นเทปที่ดีที่สุดละครับ,pos
ขอบคุณน้าค่อม ที่ทำให้เราหายเหนื่อย หายเศร้าได้ทุกครั้งที่ไม่สบายใจ,pos
ขอบคุณที่เป็นสื่อกลาง แทนนักกีฬาคนไทยครับ,pos
นี่ละมันคือหน้าที่ของสื่อที่ดี ที่ควรจะต้องทำข่าวแบบนี้ ,pos
น่ารักแบบนี้ ตื่นมาต้องอีกรอบ,pos
ล่นได้สนุกดีนะ ตาถึงที่เอามาเล่นบทแนวนี้,pos
ขอให้คู่นี้ ได้กันนะ เหมาะกันดี,pos
เหมาะสมที่สุดคู่นี้ รอจนคู่นี้จะรักกันนะ ,pos
เข้ากันมาก555ชอบคู่นี้,pos
เสียงคือ สุดยอดอ่ะ ชอบมาก,pos
อย่างเพราะมากเลยค่ะ เสียงเพราะเข้ากันดีมากๆสุดยอด,pos
ชอบเสียงของพี่ทั้งสองมากกกกก,pos
เห้ยมาหว่ะ ผมว่าคอนเทนต์นี้ ดีมากๆเลย,pos
เอาอีกครับชอบๆคอนเท้นนี้,pos
ขอบคุณสำหรับเวอร์ชั่นเชลซีครับ,pos
สนุกๆ ,pos
EP นี่คือสุ่ดทุกด้าน ทั้งคุณภาพเสียง คุณภาพนักร้อง คุณภาพซาวน์ดนตรี  รวมทั้งโพรดักชั่นสถานที่ ไม่มีที่ติ ,pos
สมบูรณ์แบบทุกสิ่งอย่างค่ะ ไร้ที่ติ ,pos
ดูไปได้แค่ครึ่งเดียว... ก็บอกได้เลยว่า นี่คือคลิปที่ดีที่สุดเลยครับ,pos
พี่ทำคลิปดีๆ แบบนี้ออกมาเยอะๆ บ่อยๆ น่ะครับ ,pos
ทำให้ดูบ่อยๆ ทำให้ดูนานๆนะครับ เพลินดี,pos
ชอบแนวนี้มากๆคะ ,pos
เราเป็นคนนึงที่ติดช่องนี้มากๆ,pos
ได้อรรถสรเวลาตามไปกิน ชอบๆ,pos
พี่ กินเก่งจัง สุดยอด,pos
ดูแล้วเพลิน เจริญอาหารครับ สุดยอด,pos
ทานเก่งมากๆๆ,pos
ทำแนวแอบถ่าย แบบนี้เยอะๆนะคับ ชอบๆ,pos
เอาแบบนี้แนวนี้ครับ อีกพี่ สุดยอด น่าดูมาก,pos
พีหล่อ ถึงจะกินเยอะน้ำลายยืดอาหารเต็มปาก ก็ยังน่ารักกกกกอะเนอะ,pos
เป็นกำลังใจให้ไทยโปรนร้าา แม่ค้าถึงกับอึ้ง! ชอบบๆ,pos
พุดกับพนักงานเพราะมาก น่ารัก ชอบ,pos
ดูพี่กินแล้วมีความสุขดีเนอะ,pos
ชอบๆอยากให้แบบนี้บ่อยๆ,pos
น่ากินที่ซู้ดดดด,pos
มันไม่เป็นอย่างที่ผมหวังไว้เลย,neg
โอ้ยเซ็งๆ,neg
โคตรแย่เลยว่ะ,neg
ผมคิดว่าคุณจะทำได้ดีกว่านี้นะ,neg
มันไม่ได้ออกมาดีอย่างที่เราคิดไว้น่ะ,neg
ฉันไม่เคยผิดหวังอะไรขนาดนี้มาก่อนเลย,neg
ก็แค่เสียดายหน่อยๆ เอง,neg
ฉันเบื่อมากกับอาหารญี่ปุ่น,neg
กรุณาหยุดร้องเพลงเถอะมันรบกนฉันมาก,neg
หยุดสร้างความลำบากให้กับตัวเองเลย,neg
ผู้รักษาประตูไม่ผ่านครับเกทนี้,neg
ไม่ต้องไปโทษใคร โทษตัวเองครับ,neg
ผู้รักษาประตูเราอ่อนมาก ขาดความมั่นใจ,neg
ผู้รักษาประตู พลาดง่าย ไม่ผ่านครับ,neg
ไม่โทษใครเพราะภาพรวมฟุตบอลไทยได้แค่นี้ ,neg
จริงครับ ถ้าสโมสรไม่พร้อม ผมว่าไม่ควรมาทำ ส่,neg
ผมเป็นคนนึงที่ไม่ดูบอลไทย ,neg
อะไรมันก็แย่ไปหมดครับเมืองไทยเรา,neg
คนมันหมดรักแล้วจะฝืนเพื่ออะไร,neg
เสียดายนะถ้าเป็นจริง ,neg
เสียดายมากเมียสวยตาสวยมาก,neg
หาเมียสวยแบบนี้ไม่ได้อีกแล้ว,neg
จุดจบคนไม่เคยพอ,neg
เรื่องชาวบ้านนี่คุณเผือกจริงจริงเขาจะทำอะไรก็เรื่องของเขาชีวิตเขา,neg
กรณีโอมที่รังแกเด็กที่เป็นออทิสติก คือ รับไม่ได้ จิตใจภายในลึกๆคือทำไปได้ยังไง,neg
เหยื่อเค้ายังไม่ให้อภัยเลย,neg
เเอนตี้ค่ะ อยากให้ต้นสังกัดปลดออกจากการเป็นดารา,neg
ไม่ชอบที่ไปสนับสนุนกลุ่มล้มเจ้า ,neg
หุ่นเหมือนผีเปรตายอดตายยาก,neg
คิดว่าสวยก้ทำไป แต่เราว่ามันโทรม ไม่สวย เหมือนคนเปนโรค,neg
การกระทำคือต่ำมากครับ,neg
วางตัวไม่เหมาะสมกับเป็นกรรมการ,neg
น้องไปเปลี่ยนิสัยตัวเองก่อนดีไหม..ที่ไปว่าคนอื่นเขารับไม่ได้อ่ะ,neg
ทั้งคำพูด และการกระทำผมรับบ่ได้,neg
โครงสร้างผู้เข้าประกวดสมส่วนทุกอย่าง ส่วนกรรมการไม่สมประกอบสักอย่าง,neg
วุฒิภาวะคนพูดแก้ต่างคือต่ำมาก,neg
เราไม่ชอบเอามากๆเลยกับการบูลลี่คนอื่น,neg
​ โตจนป่านนี้ยังไม่มีความคิดแก้ตัวแถไปเรื่อยแย่มากเลย,neg
ฟังแล้วน้ำตาจะไหล น่าสงสารรู้สึกสะเทือนใจ,neg
"นรกส่งมาเกิดจริงๆ,",neg
ไม่มีคำพูด มีแต่ความรู้สึกหดหู่ เศร้า,neg
ท้อใจ สลดใจมากๆๆ,neg
เศร้าสลดอย่างยิ่ง ที่เกิดเหตุแบบนี้ขึ้น,neg
ไม่คิดฝันเลยว่า​ ตัวเองจะมานั่งฟังข่าวอันโหดร้ายเกินคำบรรยาย​นี้,neg
รัฐบาลไม่เห็นความสำคัญอะไรเลย,neg
หดหู่ เศร้า สลดใจเหลือเกิน สงสารเด็ก ๆ,neg
เห็นผู้นำคนไทยแบบนี้ปวดใจมาก,neg
ต้องโทษรัฐบาลหรือเปล่า ยาเสพติดเต็มเมือง,neg
ถ้าไม่เจอเหตุการณ์แบบนี้ ประเทศไทยคงไม่ปราบยาเสพติดนี้ได้แย่จริงๆๆตำรวจไทย,neg
ฉันไม่อยากทำงานแล้วฉันเหนื่อยฉันเพลีย,neg
ใครที่ชอบซูชิ แนะนำครับ ถูก ดี อร่อย,pos
กินข้าวหน้าแซลมอนแบบไม่จิ้มเลย แปลว่าทางร้านปรุงรสในข้าวแล้ว ยิ่งอยากลองเลย,pos
ชอบพี่แกมาก เป็นกำลังใจให้ทำต่อไปเรื่อยๆอย่าอยุดเลยนะครบ ,pos
99บาทคุ้มค่า​มาก​สุดยอด​จริงๆ​เจ้มจ้น​แน่นอน​ขอบคุณ​เจ้าของ​ร้านจากใจจริง​,pos
พี่พีช​แนะนำ​เมนู​แต่ละ​ร้าน​ได้​น่าสนใจ​มาก​ครับ​สุดยอด​จริงๆ​ดู​แล้ว​ดี​ต่อ​ใจ​มาก​เลิฟยู​,pos
ราคาคุ้มค่าสุดๆ ขอให้ร้านขายดีๆครับ ถ้ามีโอกาสอยากไปลองมั่ง,pos
ถูกจริง จัดหนัก จัดเต็มได้สบายๆเลย น่ากิน น่าลอง ถูกใจ สาย ซูชิ มากครับ ,pos
คุ้มมากคับน่ากินมากๆ,pos
อยากมีร้านดีๆแบบนี้ คุ้มๆ อยู่ใกล้บ้านจัง,pos
กินได้อร่อยทุกอย่างเลยค่ะ,pos
เฮ้ย มันลงตัวมาก และสนุกมาก แถมมีทั้งสาระ,pos
ร้านนี้เคยไปกิน อิ่มมากกกกกกก อร่อยดีนะ เนื้อหลากหลายดี สายเนื้อน่าจะชอบ,pos
ดูแล้วหิวเลย น่าทานมากๆ ต้องตามรอยไปทานซะแล้ว,pos
น่ากินมากค่าาา ไม่เคยกินอาหารบลาซิลอาเจนเลยค่ะ,pos
อยากไปมากกกก มีชิมิชูริ คิดถึงอาหารอาร์เจน,pos
อื้อหืมมมม สวรรค์ของคนรักเนื้อจริงๆ ,pos
ร้านนี้คือแบบน่าสน ไม่รู้ ไม่สนราคา แต่ว่าไม่จำกัดเวลานี่ ชอบมว้ากกกก,pos
น่ากินจังเลย เดี๋ยวต้องหาโอกาสไปกินบ้างแล้ว,pos
อยากไปร้านนี้มากเลยบุฟเฟ่ต์ไม่จำกัดเวลา ของก็น่ากินมาก หิว,pos
ร้านนี้อร่อยจริงค่ะ เมื่อก่อนทานบ่อยมากคุ้มค่าค่ะ,pos
น่าทานมากค่าาาา ต้องไปตามแล้วววว,pos
ขอบคุณที่ทำให้มาม่าผมอร่อยขึ้นนะค้าบบบบบ,pos
ฉ่ำๆเลยครับ น่ากินทุกเเมนู,pos
ได้ประโยชน์มากๆครับ,pos
โคตรเท่คนนี้,pos
ก๋วยเตี๋ยวน่าทานมาก น้ำซุปเข้มข้น ,pos
ได้ทั้งบุญ ได้ทั้งอิ่ม สุขกายสบายใจ สุขภาพแข็งแรงครับ,pos
อยากกินก๊วยเตี๋ยวน้ำตก น้ำข้นๆแบบนี้เลยค่ะ น่ากินมาก หิวเลย,pos
อยากลองชิมบ้างจังเลย,pos
กินได้น่าอร่อยมากครับ หิวตามมม,pos
ขอบคุณค่ะที่ทำเพื่อชาติเพื่อประชาชน,pos
อากาศเย็นๆ เดินเล่นกินของอุ่นๆ ฟินมากเลยง้าบ,pos
เพิ่งไปมาเมื่อปลายปีที่แล้ว คิดถึง เป็นสถานที่ท่องเที่ยวที่อากาศดี อาหารอร่อยจริงค่ะ,pos
เป็น​หมู่บ้าน​ที่​สวยงาม​และ​สงบ​ แถม​อากาศ​ดีมากๆ​ ,pos
กลับมาดูบ่อยๆ ชอบดูตอนทำงาน เปิดทิ้งไว้ เหมือนมีเพื่อนมาพูดข้างๆ,pos
2 ปีแล้ว ยังน่ารักเหมือนเดิมเลยค่ะ แงงงงหมดโควิดไปเที่ยวอีกเยอะๆเลยน้า,pos
ทำไมกล้องเธอมันดูดีจังฟะ,pos
วนกลับมาดูกี่รอบๆก็ชอบตลอดเลย เพลินมากกกกก ,pos
พาเที่ยวอีกแล้ว​ ดูละรู้สึก​ได้ไปเที่ยวด้วยเลยอะ,pos
ดูแล้วอยากไปเที่ยวเกาหลีเยย,pos
ชอบจังค่ะ รู้สึกฟินกับเกาหลี เพราะอากาศบ้านเค้าคือดีย์,pos
"ตลกตากล้อง ตอนวิ่งกลัวตกเครื่อง มีอารมณ์แบบว่า ""อปป้าหล่อมาก",pos
กลับมาดูอีกรอบก็ไม่เบื่อ ชอบทริปไปเที่ยวของพี่เมมากกก,pos
ขำหน่องตบมุกกับตากล้องงงง ทั้งขำทั้งเอ็นดู รักกกกก ,pos
โอ้ยนย สวยมากดูเพลินมากจริงๆ,pos
อุดรน่าไปเที่ยวมากๆเลยค่า,pos
สามคนนี้อยู่ด้วยกันแล้วสนุกอะ55555555,pos
ไปครั้งเดียว เที่ยวจุใจเว่อร์ ,pos
ชอบเวลาที่ทำอาหาร และกิน มีเสน่ห์และชวนกินมากก,pos
อิตาลีมาแล้ววว สวยทั้งคนทั้งเมืองเล้ย ,pos
นิสสันนาวารา เอกลักษณ์เฉพาะตัวไม่เหมือนใครสนใจทดลองขับโชว์รูมใกล้บ้าน,pos
แต่ละเมนู​น่าโดนมากๆๆๆ,pos
อยากฟังข่าวดีคราบบ สู้ๆนะครับทุกท่าน,pos
น่ารักมากๆ จะเอาแบบนี้,pos
ขอบคุณมากค๊าา..เดี๋ยวไปทานแล้วจะถ่ายรูปสวยๆมาให้นะคะ,pos
ก้อนดีใจด้วยนะฮ่าบบบ,pos
จริงอันนี้เข้าตาสุดๆ อยากดั้ย,pos
อยากให้คริปยาวๆสัก30นาทีกว่าๆ ชอบแนวนี้มาก เที่ยวเยอะๆนะ,pos
สวดดดยอดด โครตดี,pos
ดูท่าน่าสนุกก,pos
ชอบเวลาพี่ทำคลิปงี้ มันจะน่าดูยิ่งขึ้น,pos
พี่ๆ​ทำ​คอนเทนต์​อะไร​ก็​น่าสนใจ​ไปหมด​ดู​แล้ว​เพลิดเพลิน​จริง,pos
คู่สุดท้ายยิ้มแก้มปริเลย,pos
เอาจริงนะ ดูรายการนี้สนุกมากๆ คนดูยังเขินขนาดนี้เลยนะเนี่ย แต่น่ารักทุกคนเลย ชอบรายการนี้มากๆค่,pos
น่ารักกันมากเลย เขินไปหมดแร้วนะค่ะ,pos
ต้องมาแล้ว รับประกันความฮา มากกว่าเขินแน่นอน,pos
ชอบคนสุดท้ายมากๆ ดูไปเขินไป,pos
อร่อยไม่เชื่อมาดูช่องผมได้,pos
กินเร็วกินเยอะสุดยอดมาก,pos
เห็นกินละหิวเลย น่ากินอะ,pos
น่ารักกันทั้งคู่,pos
แต่ละคนอย่างฮา ,pos
ตั้งแต่มีทีมงานฮ่าๆคือสนุกมากกก ชอบคลิปแนวนี้มาก,pos
ชอบคริปเเนวนี้มากครับสนุกมากๆ,pos
ขับได้เท่มาก ติดตามเป็นแฟนคลับ,pos
สุดจัด เต็มระบบไปเลย เป็นศึกชิงความเร็ว ที่สนุกสนานดีครับพี่ๆ,pos
ตัวจริงอย่างหล่อเลยครับ,pos
อินมากก ฟังและดูหลายรอบ ,pos
นางเอกน่ารักก,pos
เพลงดีอ่า นางเอกน่ารักมั่กกก ใจละลาย,pos
ดีมากเลย เข้าถึงอารมณ์ ถึงใจสุดๆ,pos
ชอบมากกก,pos
ชอบมากกกกก ฟังเบื้องหลังเพลินๆ สนุกมากๆ บรรยากาศมาเต็ม ขออีกๆครับ,pos
เป็นรายการผีที่ไม่มีความน่ากลัว แมร่งมีแต่ความฮา ,pos
ขออีกครับพี่สนุกดีครับขอหลายๆคลิปเลยนะครับ,pos
ยังฮาและสนุกเหมือนเดิมเลย,pos
ชอบการเล่าเรื่องครับ สนุก ทำให้เรื่องราวดูไม่น่าเบื่อ,pos
ดูการพูดก็รู้ว่า ฉลาดมาก จำได้ไง เกือบทุกเรื่อง ไ,pos
เล่าได้เพลิดเพลินและมีสาระดีมาก..ทำคลิปเยอะๆนะ,pos
ผมชอบเลย ดูมา3-4คลิปละ การเล่าเรื่อง สั้นๆแต่ได้ใจความ,pos
ชอบพี่เล่าเรื่องอ่ะ พอฟังเสร็จล่ะเอาไปโม้ให้เพื่อนฟังต่อได้,pos
น่ารักเวอร์น่ารักเวอร์,pos
"อธิบาย เล่า และถ่ายทอด"" ใช้ภาษา""ได้เข้าใจได้ง่าย ชอบมาก เป็นกำลังใจครับ",pos
ฟังแล้วเพลินดีครับ ขอบคุณสำหรับสาระดีๆแบบนี้นะครับ,pos
พี่เล่าได้เข้าใจง่ายๆ เหมือนเพื่อนเม้าส์ให้ฟัง แต่มีสาระครบถ้วน สู้ๆครับ,pos
เล่าเรื่องอะไรก็น่าฟังไปหมดเลยค่ะ,pos
หนูชอบดูช่องพี่มากค่ะ เพราะตัวหนูก็ชอบประวัติ&สังคมด้วยค่ะ ขอความรู้เยอะๆนะค,pos
ชื่นชมมากค่ะ คลิปนี้ทำออกมาดีมากเลย สนุก ได้ความรู้ ฟังไม่เบื่อเลย ,pos
ชอบความเล่าเรื่อง กระชับ เเน่น เข้าใจง่ายมาก ติดตามครับ ไล่ดูทุกคลิป,pos
รักแล้วอ่ะค่ะช่องนี้ ฟังแล้วได้ความรู้มาโดยตลอดเลยค่ะ ,pos
แม่งโครตไม่ดี,neg
ไม่ดี,neg
ต่ำช้าเลวทราม,neg
นิสัยโรคจิต วิปริตมากๆรับไม่ได้,neg
ทรงดีไม่พอ,neg
ทำไมพระบ้านเรา ทำให้หมดศรัทธาจังคะ,neg
น่าสงสาร ท่าน มากๆ กรรมจะแสดงผลชาตินี้ และ ภพหน้า ,neg
เรื่องแบบนี้ ไม่ควรเกิดขึ้น กับพระสงฆ์ ถ้าตัดทางโลกไม่ได้ก็ไม่ควรจะทำแบบนี้,neg
เวรกรรม​แท้​ๆ​ตัดกิเลสไม่ได้ก็สึกเถอะ,neg
ซื้อแต่ผ้าอนามัยแบบเย็นมาค่ะ แบบว่าอีห่ากูนอนไม่ได้,neg
การด่าไปเหมือนได้บรรเทาความเครียดเฉยๆ แต่บีทีเอส (รถไฟฟ้า) มันสำนึกมั้ย ก็ไม่อ่ะ,neg
ไอเหี้ยพวกเหี้ยถ้าไม่ได้ภาษีแม่งจับหมดไอสัส นายกก้นิ่งไม่มองดูประชาชนเลย,neg
ภาคเหนือไม่ค่อยมีสาขาเลย สองมาตรฐานมาก!! เพิ่มสาขาหน่อยสิครับ,neg
ฝ้ายจะไม่ทน กับคนนิสัยไม่ดี,neg
โดนผีสิงห์ .. ลุกมะไหวเบยยย ,neg
แอร์เอเชียได้เงินกูครั้งเดียวพอ จำไว้,neg
เฮ้อออ,neg
แต่คนปฎิบัติไม่ถึงเอง ,neg
ด่าไปก็โดนบล็อก อาชีพนี้ดีจิงๆน่าสนใจ ต้นทุนไม่มีแดกฟรีทุกงาน,neg
ศาสนา ไม่เคยเสื่อม มีแต่คน บางคน เท่านั้นที่ ทำให้ศาสนาเสื่อม,neg
บ้านเราทําใหมมันมีแต่สิ่งไม่ดีเกิดขึ้นมากเลย,neg
คนไทยก็เอือมระอากับพฤติกรรมของตำรวจไทย,neg
หมดคำจะพูดกับตำรวจไทย แค่ทำร้ายคนในประเทศก็แย่แล้ว ,neg
ยังทำให้ประเทศชาติเสื่อมเสียชื่อเสียงไม่เว้นแต่ละวัน,neg
สังคมในวัด ก็เป็นชะแบบนี้ รู้ทั้งรู้ แต่ รักษาและปกปิด ความเลว ใว้,neg
พวกที่บวชมาเพื่อผลประโยชน์..กรรมมันแรงนะครับ..ทั้งชาตินี้และชาติหน้า,neg
วงการนี้แย่ทุกองค์ .,neg
ถ้าผิดก็สึกเถอะบาปจะได้น้อยลง แต่ก็ยังบาปอยู่ดี ทำอะไรไว้ก็รับเอาไปยาวๆละกัน,neg
แก่จะตายห่ายังทำเรื่องเชี่ยๆแบบนี้อีก.ผ้าม่านก็ใช่เลย,neg
ไม่แผ่วจริงๆ วงการนี้ หลังกุฏิ มีอะไรมากกว่าที่โยมคิด,neg
มันป็นวิบากกรรมที่ต้องมาชดใช้,neg
อุจาดที่สุด,neg
ถ้าท่านทำจริง เวรกรรมจะตามท่าน ไปตลอดชีวิต,neg
จับได้ขนาดนั้นแล้วบอกไม่ใช่ตัวเอง สึกเถอะ พูดโกหก,neg
รู้สึกแย่มากๆ....ขอเถอะค่ะ...อย่าให้เสื่อมเสียมากไปกว่านี้เลย.,neg
พวกข้าราชการทำผิดควรโดนปลดออกจากราชการให้เข็ด,neg
โจรในคราบตำรวจ มันอันตรายจริงๆ,neg
ทุกคนคงเบื่อกับบทลงโทษที่ตร.คนนี้จะได้รับ,neg
นี้มันโจรชัดๆ ทำแบบไม่เกรงกลัวกฎหมายด้วย ทำไมไม่สั่งขังใว้ก่อน,neg
ทุกวันนี้แยกไม่ออกเลย อันไหนเรียกตะกวด อันไหนเรียกตำรวจ,neg
ไล่ออกยังไม่พอ ต้องดำเนินคดีเข้าคุกนะ กฏหมายอ่อนๆ,neg
ไล่ออกไม่พอ ต้องลงโทษ เอาเข้าคุกไปเลย,neg
เสียดายเงินภาษีที่ให้พวกนี้,neg
ไม่ต้องรักษาหรอก..พวกแบบนี้ปล่อยให้ตาย.,neg
มนุษย์ทุกวันนี้ทำตัวเยี่ยงเดรัจฉาน น่าอับอายสุดๆ,neg
ยุคนี้คนกำลังจะกลายเป็นสัตว์สมสู่กันไม่เลือกที่!เวรกรรมน่าสมเพศ,neg
ป่วยยังไม่มีจิตรสำนึก,neg
ห่างวัดห่างวา..สำนึกผิดชั่วไม่มี..เป็นเดรัชฉานที่มาในรูปกายของมนุษย์,neg
เอามันไปทิ้งไม่ต้องรักษาไป้,neg
เลวมาก​ เค้าให้พวกคุณ​รักษาตัว​ แต่เอาโอกาสนี้ทำเรื่องน่าอับอาย,neg
หน้าที่พลเมือง ของคนใน ป. นี้ตกต่ำลงทุกวันเลยเนาะ หน้าเศร้าจริงๆๆ,neg
เกลียด ชอบหลอกให้สั่งซื้อ ที่ไหนได้ไม่มีสิ้นค้า,neg
สินค้าด้อยคุณภาพ      ,neg
สินค้าหมดทำไมไม่แจ้งขึ้นว่าหมดอะ.กดใส่ตะกร้าไปเถอะ.เซ็งเรย     ,neg
อย่าทำแบบนี้กับใครอีกนะค่ะแย่มากค่ะ    ,neg
คือเเบบผิดหวังมาก เเย่ที่สุดได้ของมาฝาเเตก เเตกนิดหน่อยไม่ว่าเเตกเยอะมาก ครั้งเดียวพอจบเเยก,neg
ส่งช้าจัง รอนานมาก ยกเลิกก้อไม่ได้   ,neg
แย่มากกกกกกค่ะ เอาของพังมาให้ฉุนมาดค่ะไม่พอใจเป็นอย่างมากค่ะ. ส่งของ ก็ไม่ได้ใบเสร็จ. ไม่ไหวจะเคลียร์  ,neg
ไม่แนะนำซื้อมาใช้ได้วันเดียวใช้ไม่ได้แล้ว     ,neg
แย่ๆสั่งสินค้าไปหลายวันแล้วไม่ส่งให้สักทีเหนื่อยกับการรอคอย    ,neg
เสียความรู้สึกอย่างมาก สวยแต่ในรูปใส่ได้ครั้งเดียว ไม่ดี      ,neg
ยอดเยี่ยมค่ะ ราคาเหมาะสม บอกต่อได้เลยค่ะ       ,pos
สวยค่ะ เหมือนในรูปเลย ชอบค่ะ ส่งของไวมากก      ,pos
ใช้ดีค่ะหน้านุ่มและขาวขึ้น    ,pos
จัดส่งเร็วมาก สะดวกดี ของจริงขนาดใหญ่กว่าที่คิดไว้ แต่ใช้งานได้ดี     ,pos
ชอบสินค้ามาก ไม่ผิดหวังที่รอ สวยยังบรรจุภัณฑ์คับ      ,pos
สินค้าส่งรวดเร็ว พอใจในสินค้าครับ     ,pos
สินค้าคุณภาพดี แข็งแรง เสียงดี เด็กๆ ชอบ และยังส่งเร็วด้วยค่ะ  ,pos
ราคากับคุณภาพของสินค้ามีความเหมาะสม ใช้งานง่าย  ,pos
ส่งของไว ห่อพัสดุดี  ของใช้งานเยี่ยม   ,pos
สวยค่ะ การจัดส่งก็รวดเร็วดีค่ะ  ,pos
ใช้เดือนเดียวพังแย่ๆมากๆ      ,neg
เสียใจความรู้สึกมากกระเป๋าบางมากไม่ตรงกะแบบสินค้าที่ลงการแพ็คของส่งก็แย่เอาถุงดำที่ใส่ขยะแถมสกปรกมากทำไมไม่ตรวจสอบก่อนส่งถึงมือลูกค้าเราไปซื้อของคุณนะไม่ได้ไปขอฟรีๆปรับปรุงด่วน!!!!   ,neg
การส่งของแย่มาก ขนาดตะโกนว่ารอเดี๋ยว ยังโยนสินค้าข้ามรั้ว ถ้าโน้ตบุคเสียหายจะทำยังไง    ,neg
ใช้ในรถระบบเสีย พังใช้ต่อไม่ได้ ,neg
ผิดหวัง ลบไม่ออก        ,neg
หมดอายุแล้วไม่ควรเอามาลงขายค่ะเสียใจผิดหวังมากๆค่ะกว่าจะหมดแพงด้วยนะ   ,neg
ส่งช้ามาก ตอนนี้ยังไม่ได้ของ   ,neg
ได้รับของแล้วผิดหวังมาก ไม่ดีเลยค่ะ    ,neg
สินค้าไม่มีคุณภาพสายกางเกงไม่เท่ากัน    ,neg
ช้าสุดๆรอจนรำคาญละ     ,neg
คุณภาพคุ้มค่าครับ      ,neg
ส่งเร็วดี ใช้ดีคุ้มมาก ราคาถูก  ,pos
ได้รับสินค้าเร็วค่ะ และสินค้าก็มีคุณภาพ สวมใส่สบายตัวมากๆๆ เลยค่ะ       ,pos
ได้รับของเร็วมาก.. แถมสินค้าได้ตามต้องการสวยมาก ,pos
รับประทานดีอยู่นะครับ มองเห็นความเปลี่ยนแปลงของร่างกาย ทานแล้วรู้สึกว่าดีนะ     ,pos
ใช้ได้ดีเหมาะกับราคานี้ ก็สรุปว่าดีครับ ,pos
สินค้าใช้แล้วดีมากไม่ทำให้ลูกแพ้เลยแถมราคาถูกกว่าในห้างและตามร้านค้าอีก ,pos
ใช้งานดีมากส่งของก็เร็วของครับ  ,pos
ส่งไวมาก สั่งตอนเย็น ตอนเช้าได้แล้ว สินค้าแพ็คมาดีมาก ใช้งานได้ปกติไม่มีปัญหาอะไร ถือว่าคุ้มค่าสุดๆครับ ,pos
วัสดุค่อนข้างดีนับว่าคุ้มราคาครับ       ,pos
สินค้าไม่เหมือนในรูป ผิดหวังมาก เย็บไม่ดีเลย    ,neg
ใช้แล้วสิวขึ้นเต็มเลยไม่รู้แพ้รึเปล่า....เซ็งเลยเหลือตั้งเยอะเสียดายมาก ,neg
คุณภาพแย่มากใช้งานไม่ได้แม้แต่ครั้งเดียว       ,neg
ผิดหวังมาก ไม่แนะนำให้ใช้ค่ะ   ,neg
สรุปแพงกว่าท้องตลาดคะแย่มากเสียความ    ,neg
รู้สึกผิดหวังมาก ไม่ใช่แบบที่หวังไว้เลยย        ,neg
แย่มากๆๆๆๆ ไม่ส่งของแถมมาให้ตามที่โฆษณา        ,neg
งานไม่ค่อยดี ไม่สมกับราคา      ,neg
แย่มากเลย นมใกล้หมดอายุ ครั้งนี้ครั้งสุดท้ายนะคะที่จะสั่ง       ,neg
ใช้ได้ไม่กี่เดือนก็พังล่ะยังใช้ไม่คุ้มกับราคาที่ซื้อมาเลย      ,neg
ใส่สบายสั่งหลายรอบแล้วจร้าาา    ,pos
ส่งของรวดเร็วดี คุณภาพใช้ได้ค่ะ ,pos
ใช้งานได้ดีราคาไม่แพงมาก       ,pos
ชอบที่ส่งเร็วมากครับ ทันใจดีจิงๆ        ,pos
รับของไว พนักงานส่งของดีมาก คุณภาพคุ้มราคา      ,pos
ดีครับ คุ้มค่าคุ้มราคา น่าจะใช้งานได้ทนทานมือใหม่น่าเอามาใช้ครับ      ,pos
คุณภาพพอใช้ได้  ดูบอบบางจัง ต้องดูระยะการใช้งานระยะยาวค่ะรวม ๆ ถือว่าโอเคค่ะ    ,pos
สินค้าแพคอย่างดี ที่สำคัญส่งขอเร็วมาก คิดว่าจะได้ช้าเสียอีก     ,pos
ส่งของไวมาก แต่ราคาขึ้นลงบ่อยมา ต้องเข้ามาเช็คราคาบ่อยๆ ว่าวันไหนจะราคาถูก แต่คุ้มแน่นอนค่ะ เลือกซื้ออันนี้ไม่ผิดหวังค่ะ        ,pos
ได้รับของเร็วมาก กระทะร้อนเร็ว ทำอาหารได้หลายอย่างเลยค่ะ ชอบมาก ,pos
เสียดายที่ไว้ใจใช้บริการผิดหวังมาก เอาสินค้าของคุณคือไปเถอะ แล้วคืนเงินให้เรา สั่งของก็บ่อยต่อไปไม่สั่งแล้ว แย่มากๆๆๆๆๆๆๆๆๆๆๆๆๆๆ        ,neg
แย่มากอย่าสั่งนะ        ,neg
แย่มาก รูปดูสวยหรูดีนะ แต่มาเจอของจริงนี่แย่สุดๆ สินค้าไม่สมกับราคาเลย  ,neg
แย่มากเสียดายเงิน       ,neg
สินค้ามีรอยตำหนิ เป็นรอยง่าย    ,neg
สินค้าคุณภาพแย่มาก วัสดุเหมือนหมดอายุแล้ว       ,neg
สินค้าส่งมาแตกหัก ยังไม่ได้ประกอบเลย เสียความรู้สึก     ,neg
ซื้อแล้วผิดหวังสินค้าไม่มีคุณภาพ        ,neg
แย่มาก บิดน้ำไม่แห้ง เสียดายตังมาก      ,neg
ตกใจมาก โคตรแย่ ก่อนหน้านี้ใช้ดี ชอบมาก ปลอดภัยดี ตอนระเบิดมีกลิ่นไหม้กับประกายไฟ ไม่เป็นแผลแต่เป็นดำๆ ที่มือ แสบเล็กน้อย       ,neg
สินค้าใช้ดีสีสดใช้จนถึงทุกวันนี้        ,pos
ร้านนี้ ขายสินค้าตรงตามประกาศ ส่งตามกำหนด สินค้าใช้งานดี        ,pos
ถูกกว่าในห้างเยอะเลยครับ ภาพชัด สินค้าใหม่ พนักงานบริการดีมาก สั่งสินค้ากับลาซาด้าไม่เคยผิดหวังเลยครับ  ,pos
แรงดี หน้าจอใหญ่ ส่งของเร็ว พอใจครับ    ,pos
จอใหญ่มาก คุณภาพเสียง ชัดเจนดีมาก โดยรวมแล้วคุ้มค่ามาก  ,pos
พกพาสะดวก ได้ของเร็ว    ,pos
โอเคมาก เป็นอย่างที่คาดหวังไว้ เยี่ยม   ,pos
ได้สินค้าภายในสองวัน OK นะครับ สมราคา ใช้งานได้ปกติ     ,pos
ดีมากๆๆคะ ได้เร็ว แพ๊คดี สินค้าสภาพดี ราคาถูก ไม่ต้องไปเดินช๊อปเอง ดีคะ ,pos
ส่งของรวดเร็วมาก สินค้าใหม่ด้วย โดยรวมให้คะแนนเต็มครับ  ,pos
ไม่พึงพอใจเลย  สินค้าผลิตจากพลาสติกด้อยคุณภาพ  ก๊องแก๊งมาก      ,neg
แพ็คของไม่ดีมากเลยครับข้างในกล่องฉีกขาดไม่สวยเลย       ,neg
คุณภาพสินค้าไม่น่าประทับใจ    ,neg
วัสดุแย่ ขาดง่าย เสียดายเงิน    ,neg
อย่าขายเลย ยกเลิกโปรนี้เถอะ เสียความรู้สึก ดูมาหลายเดือนละ      ,neg
แบตแย่มากค่ะ หมดเร็วมาก รับประกันไม่ได้ชวยอะไรเลย       ,neg
เห็นแล้วรู้สึกแย่ ไม่มั่นใจในสินค้าร้านนี้     ,neg
คุณภาพแย่มากค่ะ ใช้ครั้งแรกมีกลิ่นไหม้ออกมาเลยแถมข้าวไม่สุกด้วย ,neg
เสียเวลามากๆ กว่าจะทำเรื่องคืนเงินได้ ของก็ต้องใช้ ต้องไปซื้อใหม่ เสียเงินซ้ำอีก ระบบการทำงานแย่มาก มันเหมือนกันมากเลยหรือ ส่งผิดรุ่นได้        ,neg
หลอกลวง ต้มตุ๋น เอาของปลอมมาขาย ร้านโจร ,neg
ส่งเร็วทันใช้ตามความต้องการ     ,pos
เนื้อผ้าดีแต่ไม่หนา เซ็กซี่ดีแต่ไม่โป๊ะ คุณภาพสมกับราคา ,pos
ง่ายดีไม่ต้องหาซื้อให้ยุ่งยาก   ,pos
สมราคาค่ะ ภาพชัดเจน เทียบกับยี่ห้ออื่นราคาถูกกว่า       ,pos
สวยมาใช้งานง่ายมากที่สำคัญส่งเร็วมาก    ,pos
เสียงดี ส่งเร็ว ราคานี้คุ้มครับ         ,pos
ใช้ดียังไม่มีปัญหาอะไรค่ะชอบมาก ,pos
สเป็คถือว่าโอเครเลยคับ ไหลลื่นดีไม่มีสดุด สมกับราคา และคุ้มค่ามากๆเลย   ,pos
ใช้ดีส่งของไว มากเจ้านี้  วัสดุคุณภาพจริงจริง   ,pos
แพคของเรียบร้อยดีค่ะ ส่งเร็ว ไว้จะสั่งอีกนะคะ,pos
เกรดต่ำเหมือนกับว่าเอาของถูกๆมาคละกัน   ,neg
สั่งซื้อแล้วอยู่ดีๆมายกเลิก เสียความรู้สึกเลยครับ       ,neg
ไม่เป็นไปตามที่โฆษณา ส่งสินค้าไม่ตรงตามกำหนด เมื่อสินค้ามีปัญหาไม่รับผิดชอบใด   ,neg
ไม่ซึมซับลูกอับชื้นโฆษณาเกินจริงเสียเงินฟรีไม่คุ้มแย่มาก        ,neg
ไม่มีคู่มือ แย่มากครับ กล่องก็ไม่มี ใส่ถุงมาให้ ทุเรศมากครับ    ,neg
สินค้าไม่ตรงปก ของคุณภาพร้อยกว่าบาท แย่ๆ        ,neg
แย่มากๆสั่งของจ่ายเงิน แต่ไม่ได้ของ!    ,neg
ใช้ได้แป็บเดียวพังแล้ว  ,neg
สินค้าชำรุด ส่งมาถึงแกะดู สินค้าแตก     ,neg
ซื้อมายังไม่ทันเล่นเลยพังซะแล้ว ,neg
ผ้านิ่ม เด้งๆ ดีกว่าที่คิดไว้ ชอบคะ     ,pos
โอเครค่ะได้สินค้าตามรูปผ้าใส่สบาย       ,pos
เสื้อสวยถูกใจค่ะส่งเร็วทันใจดี  ,pos
คุณภาพเหมาะสมกับราคา ใช้งานOK ต่อดูภาพจากคอมชัดมาก จัดส่งเร็วดี ,pos
เนื้อผ้าดีมากๆๆๆๆเกินราคา กำลังจะสั่งเพิ่มอีก ช้าหน่อยแต่ได้มาไม่ผิดหวังเลยค่ะ  ,pos
ใช้ดี ราคาไม่แพงเกินค่ะ พอใจมาก ,pos
ใช้ดีมากค่ะ ช่วยให้หน้าตึงขึ้น หน้าไม่เหี่ยว  เราใช้มาตลอดค่ะ สั่งอีกแน่        ,pos
จากการพิสูจน์เป็นหนังแท้ เลือกไม่ผิด งานเย็บละเอียด ชอบครับ     ,pos
แพ็คสินค้าดี สินค้าคุณภาพ สมราคา แฟนประทับใจครับ        ,pos
ส่งของได้เร็วมาก สินค้าใช้ได้ดีไม่มีปัญหา คุ้ม  ,pos
เสียความรู้สึกค่ะมาไม่ตรงที่สั่ง        ,neg
มันผิดพลาดอะไรหรือลงรูปเพื่อหลอกให้คนสั่งซื้ออธิบายหน่อย        ,neg
สินค้าคุณภาพไม่ค่อยดี   ,neg
สินค้ามีตำหนิ แย่มากๆ ไม่ไหวๆเลย ถ้ามีตำหนิก็บอกด้วยครับ จะได้ทำใจก่อนซื้อ      ,neg
เปราะบางมากความแข็งแรงน้อย มันง่ายต่อการแตกหัก  ,neg
ขนส่งก็ช้าสินค้ามีตำหนิแพ็คสินค้าไม่ดีมีรอยบุบ  ,neg
สินค้าเหมือนของปลอม เนื่อครีมเหมือนซอง 10 บาท บรรจุภัณฑ์เหมือนก๊อปมา ไม่เหมือนของจริงในห้างเลย เสียดายตังค์ ซื้อมาทิ้ง  ,neg
รายการไม่ดี ที่จับไม่ดีและสั้น  ,neg
อิเหี้ยออมทำกูอยากกินเอ็มเค,neg
เน็ตควายมากกูพูดจริงเสียดายตังค์ที่ติดตั้งเน็ตโครตห่วยยิ่งดึกๆเน็ตยิ่งห่วยตอนมาติดตั้งใหม่ๆก็ดีนานๆไปเเย่ขึ้นเรื่อยๆกากกว่าเน็ตค่ายอื่นอ่ะบอกจริงไม่สนหรอกว่าจะเป็นเด็กเเล้วเม้นด่าเเบบนี้ เเต่นี้หาตังค์จ่ายค่าเน็ตมาตลอดเหนื่อยน่ะเล่นเกมส์ไปเดี่ยวก็หายกากเกินติดตั้งโปรพิเศษ100Mเเต่พอวัดดูปล่อยไม่ถึงเท่าที่ตกลงกันไว้พอโทรไปเเจ้งก็ปล่อยมาเต็มไม่กี่วันก็เหมื่อนเดิมใบเเจ้งก็มาย้อนหลัง3เดือนทุกครั้งห่วยไปน่ะบางทีโปร100M/700 กว่าบาทเเต่คุณภาพเเย่เสียดายตังค์,neg
เหล้าเบลล์รสชาติเหี้ยสุด จะไม่แดกอีกละ,neg
ลิปมันของเเบร์น Mistine ราคากลาง ๆ ไม่แพงมาก ราคาสามารถเอื้อมถึงได้ #LASHESactivity,neg
ทำไมมันไม่มีโปรให้เร๊าาาาาา,neg
สมัยนี้เด็กอายุน้อยแต่สูงมีเยอะไปอดเลย,neg
นี่ก็เป็น ถ้าน้ำปกติกินเนดเล่ย์กับคริสตัลแต่น้ำแร่กินออร่ากับมิเนดเรย์บ้างสลับกัน ส่วนที่ไม่กินเลยคือสิงห์😂,neg
Nissan คงใกล้จบแล้วแน่ๆ,neg
มีเคส ประจานความห่วยของ พรบ.+กฏหมายละ ดังซะด้วย ไม่กี่ชั่วโมง นี่ออกโพสต์หลายเพจเลย อาจจะเป็นโอกาส...,neg
"ขออนุญาติ ติบริการของพนักงานทางร้านด้วยค่ะ #mkสาขาโลตัสมีนบุรี การบริการแย่มากการรับออเดอร์ไม่สามมารถตอบคำถามที่ลูกค้าถามไปได้ ฉันถามพนักงานที่ชื่อสุวัฒน์ว่า ชุดแซ่บชีลมีอะไรบ้างเพื่อที่จะได้รู้รายการอารหาร เยอะมากรึน้อยเพื่อจะได้สั่งอาหาร #เพิ่ม พนักงานตอบกลับมาว่า ไม่ทราบคับผมไม่เคยกิน ซึ่งจริงๆๆแล้วการให้บริการของพนักงานต้องตอบคำถามเรื่องอาหารได้ดีไม่ใช่หรอค่ะ..?? (แต่การตอบคำถามแบบนี้เค้าเรียกว่าไรค่ะ) การวางชุดถ้วยชามวางกระแทกเสียงดังใส่ลูกค้า ไม่มีคำขอโทดชักสีหน้าใส่ไม่ยิ้มแย้ม....??(นี้คือการบริการใช่รึเปล่าค่ะ (คือจะมากินๆๆแบบอร่อยๆกับเจอพนักแบบนี้ความรู้สึกเหมือนไปทำไรผิดถึงต้องวางถ้วยจานกระแทกใส่แบบนี้ บนโต๊ะไม่มีชุดถ้วยจานเข้าใจค่ะว่าพึ่งเคลีย์โต๊ะเสร็จแต่การวางชุดถ้วยชามกระแทก) แบบนี้ไม่เข้าใจค่ะ รับออเดอร์ไม่ฟังลูกค้า ไม่ทวนราการอาหาร จดอาหารผิดทั้งทีไม่ได้สั่ง....ควรปรับปรุงยังไงกับพนักชื่อ #สุวัฒน์ค่ะ
",neg
ผู้เวลาไปถ่าย innisfree นี่งานดีชิบหายเบย,neg
เกลียดจริงๆลย พวกแบบขึ้น #BTS เวลาเบียดๆช่วงเวลาเร่งรีบ โดนตัวนิดหน่อยไม่ได้เลย ทำเป็นแหยง ปัดผมใส่ แม้กูอยากโดนตัวมึงมากเลยมั้ง รู้นิเวลาเร่งรีบใครๆก็อยากกลับบ้าน ถ้ามึงไม่อยากเบียดก็ไปนั่งรถส่วนตัวไป ทำเป็นดัดจริต ถ้าไม่ติดว่าไม่อยากมีเรื่องกุจะด่าแม่งบน #BTS แล้ว อีดอก,neg
เพื่อนถามโซจูอร่อยไหม?เหมือนเหล้าขาวไหม?นี่ไม่เคยกินเหล้าขาวแบบเพียวเลยบอกว่ารสชาตดีกว่าหงส์ทองเพียว เพื่อนแม่งไม่เคยกินเหล้าเพียวอีก โวะ,neg
ลาบลุงน้อยนี่พวกเหี้ยเลิกคาบเช้า ยกแสงโสมไปกลมนึง น้ำแข็งฟรีน้ำเปล่าฟรี แดกตอนเที่ยงแล้วเมามาเรียนคาบบ่ายต่อ,neg
แค่แถมเป๊ปซี่ เงื่อนไขเยอะมากเบย 55,neg
สมน้ำหน้ารัฐบาลไทย บอกว่าประเทศไทยเป็นเมืองพุทธ ชนทำบริษัทเบียร์ช้างไปจดทะเบียนที่สิงคาโปร เก็บภาษีสบายเลยส่วนประเทศไทยได้แต่นั่งดู,neg
ช็อคที่ 1 Benz ขึ้นอันดับ 5 ชนะ มิตซู นิสสัน ฟอร์ด ช็อค 2 MG มาแรงมาก ช็อค 3 เข้าไปดู BMW ติดที่ 11 ปล chev หายสาบสูญ อันนี้ไม่ช็อค,neg
กินแลบปรกติสุขกันดีกว่า,neg
วันนี้ลองเมนูน้ำมะพร้าวอัญชันของเอ็มเค หวานมาก ไม่มีกลิ่นทั้งกลิ่นมะพร้าวและอัญชันเลยอะ,neg
กินแล้วค่ะนำ้ซุปเปรี้ยวไปหน่อยบางสาขานำ้ชาจืดไปนะ,neg
ไหนบอกจะเลิก,neg
ต่างประเทศเขาไปถึงไหนแล้ว ตร.ไทยแม่งยังยุในกะลา!!!!!,neg
ก้อนรีบปรับปรุงเลยนะ นี่กินประจำ แต่ตอนนี้ไม่กล้าอะมันนึกถึงภาพ,neg
"ลดพิเศษเเต่ของน้อยไม่ค่อยเติม
ฮื้ออออ เค้าสับเพร่า เค้าสับเพร่าาาาา เค้าจ่ายเต็มมมมม แต่อร่อยเด้ออออ ฮื้อออ
",neg
ฮื้ออออ เค้าสับเพร่า เค้าสับเพร่าาาาา เค้าจ่ายเต็มมมมม แต่อร่อยเด้ออออ ฮื้อออ,neg
สาขาเพลินนารี่ ถ้าไม่อยากขายก้อปิดเถอะคับ ดูแลไม่ดีแล้วพนง.ยังไม่มีจิตใจในการขายด้วย เวลา1ชม.กับหลายๆอย่างไม่ไหวคับ หาคนมาดูบ้างนะครับ,neg
แล้วโครงการอื่นล่ะ??? แสนสิริเตรียมแจงกรณีปัญหาผนังห้องชุดโครงการเดอะ เบส สุขุมวิท 77 พรุ่งนี้ หลังพบใช้โฟมเป็นวัสดุก่อผนัง”,neg
นี่นิสสันยังดูไม่ใหญ่อีกเหรอครับ..ส่วนตัวคิดว่ารถกระบะนิสันออกแบบดูเทอะทะกว่าค่ายอื่นในยุคเดียวกัน(แต่ดูตัวเลขแล้วก็ไม่ได้ใหญ่นะ)ถ้าเขาเดินเกมแบบค่ายเจ้าตลาดทั้ง2ค่ายหรือออกตัวเท่ๆแบบฟอร์ดน่าตะไปได้ดีกว่านี้(ฟอร์ดยังไม่ใข่แรปเตอร์นะแรปเตอร์ส่วนตัวว่าแรปเตอร์เป็นปิคอัพหรูน่าจะเฉพาะกลุ่มที่เงินถึงๆ),neg
ดูข่าวที่ชวนปราศรัย เหมือนแกยังไม่รู้ว่า ทักษิณไม่ได้เป็นนายกแล้ว,neg
ถ้าทำประตูเปิดเหมือนRX8 เจ้า CHR จะเป็นผู้บุกเบิกรถทรงนี้อย่างเต็มตัว..เพราะมันจะเข้ากับบุคลิกรถแคปทึบสปอร์ต..น่าเสียดาย,neg
ไม่ทันและ...กุมาฮาจิบังและ,neg
ศรีจันทร์คือชอบเนื้อรองพื้นมาก แต่แบบนุแพ้ ฮรือ,neg
แพ้ผ้าอนามัยอีกแล้วควายจัด,neg
เด็กเอ๋ยเด็กดี ต้องกิน ดีกรี ลีโอ เหล้าขาวแคปชั่นคอวอยอ แคปชั่นเสี่ยว #แคปชั่นอ่อย #แคปชั่นเด็ด #แคปชั่นน่ารัก #คำคม #แคปชั่นกวนตีน,neg
งอนบาบีก้อนถึง2020,neg
รีเจนซี่ ตื่นสบายจริงเหรอ 555,neg
บุหรี่ไฟฟ้านะ ไม่ใช่ยาบ้า มึงก้บ้า เกินไป,neg
แล้วตอนนี้มึงก็แดกอะไรไม่ได้เลยอ้อ,neg
ขอเสียของบุหรี่ไฟฟ้าคือ...รัฐบาลขาดทุนจบ!!!,neg
มั่วแระ,neg
เริ่มเบื่อการไทน์อินโฆษณาDr.Jillในรายการทีวีละ คือเยอะเกิน แถมบางทีก็ดูไม่เนียน,neg
เอาจริงๆคือ นอกจาก Passion ทางการเมือง เราก็ต้องศึกษาที่มาที่ไปเหตุผลด้วย แล้วก็อ้างอิง ConspiracyTheoryให้น้อยลงหน่อย เพราะบางอย่างมันมีเหตุผลความจำเป็นยันอยู่ หลายๆครั้งเห็นเด็กๆไม่ศึกษากระบวนการทางกฎหมาย/ราชการ มุ่งแต่จะต่อว่าตามที่ตนเชื่อสมคบคิดท่าเดียว จะไม่โตเอา,neg
วันนั้นกินไปแล้วไง เลี่ยนๆวะ,neg
หิว อีกนิดจะขับไปซื้อแมคแล้ว ไม่ไหวแล้วโว้ย,neg
ถึงแม้เด็กในวัย2-3 ขวบนั้นจะยังพูดออกเสียงไม่ชัดทุกคำ แต่เมื่อถึงวัย4ขวบเด็กจะพูดคำต่างๆชัดขึ้น และจะออกเสียงคำทุกคำชัดเมื่ออายุ7ขวบ คลิป vdo น่ารักๆ จาก โรงพยาบาลพญาไท2 มีแบบทดสอบสำหรับคุณพ่อ คุณแม่ที่มีความกังวลเรื่องลูกพูดไม่ชัดค่ะ,neg
ได้เลยจ้า นัดมาเลยจ้าาแต่ช่วงนี้ งานเยอะมากกใกล้สอบ อิแม่เพลียยย,neg
ร่างกายกุแย่ค่ะมึงไม่รู้จะรอดป่าว กินแบบนี้ไม่ได้เลย นี่ก็ว่าจะไปหาหมออยู่,neg
ERROR,neg
ตัเงแต่แดกอี smirnoff เมื่อคืนนี่แบบ ยังปวดท้องไม่หายจนตอนนี้ 😭😭,neg
สเมอร์นอฟ3ป๋องทำพิษไอสัส,neg
เห็นแสนสิริขยัน PR และทำ CSR แต่ไม่ยักกะช่วยดูแลปัญหาจนลูกค้าต้องตั้งกระทู้พันทิปเยอะแยะ,neg
น้องสาวเราเดินทางไปทำบุญสุโขทัย เดินทางมีแค่ผู้หญิง2คน ซื้อรถคันเป็นล้านไม่น่ามีเหตุเกิดขึ้นแบบนี้ได้เลย ช่วงเข้าโค้งรถเหยียบไม่ขึ้นโชคดีที่ไม่มีรถตามหลัง และอีกหนึ่งโชคดีมีเพื่อนขับรถตามกันมาอีกคัน ตอนนี้รถอยู่ศูนย์ฟอร์ดสองแคว ส่วนน้องเราต้องกลับมามหาชัยก่อนทิ้งรถไว้เพราะอะไหล่ไม่มีได้ของวันเสาร์ มันจำเป็นมั้ยต้องเดินทางกลับไปเอารถเองหรอ เสียเวลา เสียค่าใช้จ่าย เปลี่ยนแล้วเอามาใช้งานจะมีอาการเดิมอีกมั้ย ใครรู้ช่วยชี้แจงที,neg
สกัดจับบุหรี่ไฟฟ้า ไอ้สัส,neg
ทิ้นที่ชอบที่สุดน่าจะเป็นของอีทูดี้ค่ะหาซื้อง่ายมีหลายสีแต่ไม่ค่อยทน,neg
เยสเข้ น้ำเปล่าขวด50 เบียร์ช้างขวด120 มะพร้าวลูก60 แบบนี้กูไปขายเครื่องดื่มที่หัวหินดีกว่า,neg
อยากใช้ 3ce velvet ฮือออ แพ้หนักมาก แต่คือสีมันสวย!! 😭😭😭,neg
โอ้ย จะร้องไห้ ไปซื้อ NYX ที่สยามวันนี้ละคือซื้อแปรงมาด้วยอันนึง รวมของสามชิ้น ตอนคิดตังค์ก็ปกติ นี่ก็รับถุงมา ชะล่…,neg
ตอนแรกอยากได้ jazz ไปๆมาๆ แม่บอก พ่อขับไม่มรถมันเล็ก เอาคันที่ขับได้ทั้งครอบครัว จบที่ civic จ้า งงๆไปอีก,neg
บุหรี่ไฟฟ้าประกันตัวแสนนึง พระเจ้า!!!,neg
ไว้มาอีก ไม่กินleo เนาะ อิอิ,neg
แต่ว่าเนื้อวัวเอ็มเคแพงนะ ต้องไปร้านที่บุฟเนื้อวัว เปาชอบ,neg
สัสกะเทให้สีเข้ม จะครึ่งแก้วยังสีจาง ห่าลาก // ง้วงเอง,neg
#หายไปได้พักนึง!! 🌀 กลับมาอีกแล้ว!! PM 2.5 #ก็กลับมาใช้ตัวช่วย 😷 อีกแหละ!!,neg
บอกละ นานมาก คือกูก็ไม่รู้อะว่าจะทำยังไง เครียดมาก แม่ก็ด่าอยู่นั่น ร้องไห้เลย 55555,neg
ใส่นาวาร่าราคาเท่าไหร่ครับ สแตนดาดกระด้างมาก,neg
6-7 แสนให้ออกวีออส เหรอ ผมคนหนึ่ละไม่เอาแน่ เอาเงินไปซื้อ เบนซ์ E220 cdi มือ2 ปี 2004 -2008 มาขับดีกว่า ครับ,neg
แสงโสมออกไปจากร่างแล้ว กูอ้วก .. จ้า จ้าาาาาาาาา,neg
หนูสั่งหมูกรอบนะคะ.. ไม่ใช่หมูแข็งนอกแข็งในแบบนี้..บางทีก็อยากให้ MK..ช่วยปรับปรุงคุณภาพอาหารบ้างไม่ใช่สักแต่จะขายไปวันๆ..เข้าใจว่าคนติดแต่หนูว่าเมื่อก่อนคุณภาพอาหารและน้ำจิ้ม..จะดีกว่านี้มากนะคะ..อยากให้ปรับปรุงคุณภาพหน่อยค่ะ..ไปกินบ่อยแต่ก็ไม่ค่อยปรับปรุง..,neg
แค่บุหรี่ไฟฟ้าก็ระเบิดได้ ...,neg
กระลาแลน,neg
ลาก่อย,neg
"ในขณะที่ Mazda Thailand ส่งหมายเรียกลูกค้า... ให้ไปขึ้นศาล ในฐานะจำเลย พร้อมเรียกร้องให้ชดใช้ 95 ล้านบาท ทั้งๆที่เหตุเกิดจากรถที่ตัวเองขายนั้นไม่ได้มาตรฐาน และเกิดปัญหา ผมเพิ่งเป็นลูกค้ามาสด้าได้ครึ่งปี... ซื้อ mazda 2 ดีเซลตัวท็อป กำลังจะผ่อนหมดในอีกไม่นาน และเคยคิดว่าจะซื้อ cx-5... แต่ตอนนี้ไม่แล้ว คงบ๊ายบายค่ายนี้อย่างจิงจัง เพราะไม่นึกว่าผู้บริหารจะกระทำการที่ไร้สามัญสำนึกได้ถึงขนาดนี้ ขนาดฟอร์ด... เค้าโดนร้องเรียนเรื่องเฟียสต้ามาขนาดไหน... ถึงจะแก้ปัญหาไม่ได้แต่ก็ไม่เคยมาฟ้องร้องลูกค้า... ความคิดพวกคุณนี่แม่งโคตรสกปรกเลย
",neg
เป็นโฆษณาที่ฮามาก ไม่กดskipเลย 😂😂 #บร๊ะเจ้าโจ๊ก #นีเวีย,neg
พี่เขยผมจะเอารีโว่แต่ไม่ผ่านแนน เลยเอาดีแมกแทน,neg
สรุปวันนั้นมันสีส้มหรือสีแดงว้ะไม่เมานะแค่สปายไม่กี่ขวดเองอห.มืดเกินไปรึเปล่า,neg
ทำไมลิปเมเบอลีนไม่ถูกงี้น้ะ ถอยมาแต่ละแท่งน้ำตาชั้นจะไหล,neg
เสียดาย ยารักษามะเร็งทั้งนั้น,neg
สาขาอมตะ ไม่ทีกุ้งให้กิน,neg
ไปกินมา เห็นป้ายตรงซูชิบอกวาซาบิจะเผ็ดกว่าเดิม แต่เอามากินจริงๆก้อไม่เผ็ดนะเหมือนเผ็ดน้อยลง แต่ซอสนี่เค็มมากกก ทั้งๆที่จิ้มนิดเดียว,neg
เพื่อนผมโดนไป50000จ่ายตรงนั้น เฮ้ยๆ ช่องทางชัดๆ,neg
ลงไปยุในโรงครึ่งตัวละ แต่ยังมาเสือกกับโลกอีก5555,neg
ที่ เซนหาดไหญ่ หาม่ายอ่อ,neg
กุยอมใช้ผ้าอนามัย ดีกว่า 555,neg
จะเลิกกินบ้าบีก้อน2เดือนบะกินหมูทะแทน,neg
ทำบัตรเสียค่าสมัครเท่าไรค่ะ,neg
พรบคู่ชีวิต คือมึงกั๊กหาอะไร,neg
อย่ามาชีส,neg
แม่งบอกว่าไม่แพง วันนึงขายแค่โต๊ะเดียวก็พอกลับบ้านนอนได้เลย เบียร์ช้างขวดละ 120 บาทแม่วแพงกว่านั่งแดกในคาเฟ่อีก แม่งไม่รู้มันตั้งแตเกิดเคยแดกอาหารร้านอื่นที่แพงกว่าร้านมันมีไหม?,neg
5555555555555555555 เพื่อนมาเมกาแล้วรีวิวผ้าอนามัยแบบสอด โอ้ยยยยยย,neg
อิshowdcมันประกาศอย่างเป็นทางการวันนี้ ละผู้จะมา11เมษา ปุบปับไป,neg
อีทูดี้มั่ยมีไรให้ซื้อเลยย,neg
พี่ก๊อน ฝากบอกว่าใครที่รอ รีฟิว ให้รอจนแก่กันไปข้างหนึ่งเลยครับ😅😅😅😅,neg
ไม่น่าอิ่ม,neg
ดูความเร็วทางตรงอย่างเดียวไม่ได้จริงๆ ครับต้องดูความเร็วทางคดเคี้ยวด้วย jazz vios อาจแหกไปก่อนตั้งแต่โค้งแรกแล้วก็ได้,neg
หมดผโค้วต้าเดือนมีนาแล้วค่า,neg
เป็นคนเรียบๆ ง่ายๆ ไม่ชอบสีสันเยอะค่ะ เลี้ยงง่ายด้วยนะ สนใจเลี้ยงข้าวสักมื้อไหม ?#กลมกลืนมากกกกก #55555+#น้องเพชรชมพู#nissan #note #baeng_priklao #แบงพริกลาว,neg
เอ็มเคก็มีเครื่องดื่มชีสกับเขาด้วย55555 แต่เซง ชอบชุดตอกไข่หง่ะ หมดโปรไปซะละ //วันพ่อคนเย๊อะเยอะ แต่ก้งี้หล่ะ เรายังมากับพ่อเลย5555,neg
บุหรี่ไฟฟ้าทำให้พ่อมันตาย,neg
ต้องใส่ผ้าอนามัยยาวถึงหลังเลยมั้ยถึงจะไม่เปื้อนที่นอน ขก.ซัก!,neg
เหล้าต้ม กระแช่ | เหล้าขาว หงส์ทอง | ทำกูแย่มากเมื่อคืน🤮,neg
หนูเป็นคนนึงที่ชอบทาน mk นะคะ ตั้งแต่เป็ด จานละไม่ถึงร้อย..เป็นอะไรที่อร่อยมากค่ะ..แต่หลานชอบหมูกรอบค่ะ..แต่ก่อนยอมรับว่ากรอบนอกนุ่มในค่ะ..แต่เดี๋ยวนี้ หลายสาขา..สีสันหน้าตามันน่าทานค่ะแต่พอทานแล้วมันแข็งจริงๆนะคะ..เลยอยากให้ปรับปรุง..ต้องขอบคุณนะคะที่ยินดีรับไปพิจารณาและปรับปรุงค่ะ..😊😊😊,neg
พินาน่า lip lacquer ของนันดาพี่ว่าไง ดีมั้ยยย มันต่างกับของอีทูดี้ยังไงนอกจากชื่อแบรนด์อะคะ — คล้ายๆกันเลยค่ะแต่พี่…,neg
เครียดสุดก็ค่าน้ำมันกะค่าทางด่วนนี่แหละ โดนแม่ผลัก camry มาให้ขับ คือแบบ แก เงินเดือนเด็กจบใหม่ จ่ายค่าน้ำมัน camry…,neg
เกือบไปแดกช้างแล้วกุ🤭🤦‍♀️,neg
มาา บอนชอนมันคือยาเสพติดล่ะ55555 น้ำจิ้มบาบิก้อนด้วยแงงง มาม่าบ่อยไม่ดีนา../เปิดเถิกโค่ให้ดู--,neg
หมูเขียว พอเอาออกก็ไม่ไปกินละ,neg
ข่าวนี้มันสะท้อนความเป็นเผด็จการบ้านป่าด้อยพัฒนาดี นายกอยากรู้ปัญหาการค้าขายในตลาดของชาวบ้าน แต่ดันใช้ทหารไปเดินตลาดรับฟังปัญหา แทนที่จะใช้ข้าราชการกระทรวงพาณิชย์ ข้าราชการก็น่าจะอายบ้าง ถ้าไม่รู้สึกอะไรก็ถือว่าแปลกมาก #ประเทศกูมี,neg
"ขนาดนั้นเลยเหลอเมืองไทย ดีจ้าเลิกทั้งเมืองไทยก็จะดีนะ เลิกเบียร์ช้าง, สิงห์ กะทิงแรด..ประชาชนจะใด้ตายน้อยหน่อย",neg
"คนบ่นไม่ซื้อ คนซื้อไม่บ่น เจาะความแพง FORD RANGER RAPTOR: บ่นกันเยอะเรื่องราคาที่แพงแสบตับ…
",neg
ไปกินก้อรอนานมากตั้ง7คิวไม่เห็นพนักงานสนใจอะไรเลยอุตส่าชวนเพื่อนไปเสียเวลามาก,neg
ดีนะ ไม่ชอบแดกบาบีก้อน เพราะกูว่านางไม่อร่อย =_=,neg
หืออออออ ส-อ นี้ ต้องกลับบ้านนนน,neg
เราเคยสั่งmamonde เบอร์11 กับร้านนี้นะ รอนานมากกกก,neg
ผ้าอนามัยเอลิสที่เป็นลายริลัคคุมะคือกาวเหนียมาก ติดแน่นมาก แน่นจนกุแกะไม่ออก โว้ยยยยยยยยยยยยยยยยย,neg
เกลียดโฆษณาเบียร์ช้างเวียร์ชิบหาย อะไรคือความสมเหตุสมผลวะ,neg
หมูสไลด์เอมเค มึงบางกว่าหมูสไลด์สองชั้นอีกอะ -_-,neg
ไปไล่อ่านตามเม้นอ้ะ เขาใช้ศัพท์แบบว่าไม่เจออะไร แต่มันเจอเว้ยย,neg
สัส ไม่,neg
แต่เทียน่ามันขายไม่ดี นิสสันคงเน้นทำอีโคคาเต็มตัว555+,neg
คือตอนแรกก็รอตั้งกะตัวคอนเซป แต่แม่งไม่มีข่าวซะทีจะมาไม่มา มีแต่รูปจนถอดใจไปละว่าไม่เข้าไทย สรุปไปออกอัลติสเนเวอร์บีนสีแดง เพราะของมันต้องใช้ หลังจากนั้นเกือบปี แม่งก็ออกอีนี่มา หำ,neg
ที่จอดรถน้อย,neg
คล้ายๆ yaris ใหญ่กว่านิดนึงแต่ด้านหลังอึดอัดมากแคบด้วยไปดูมาแต่สวย,neg
เราไปสาขาบิ๊กซีมหาชัยคือทั้งหมูและเนื้อบางมากๆๆๆขาดด้วย,neg
ตั้งแต่แพ้โฟมอินนิสฟรี กูก็ไม่เสี่ยงใช้โฟมละ ล้างน้ำป่าวแม่ง หน้าใสขึ้นเลย...,neg
แดกเป็นแต่หงส์ 285 ของแพงมันเปลือง 555+,neg
ผมยังยืนยันทำเกินกว่าเหตุครับ,neg
เบียร์ไฮเนเก้น900×2=1800 น้ำแข็ง80×2=160 แป๊ะซะ320×1=320 ลาบทอด180×1=180 โค้ก60×1=60 #บิลมา3520พ่อมึงสิ #ชายคาพักกาย #ควรตรวจดูบิลทุกครั้งก่อนจ่าย #ควรมีสติให้ดี #เบียร์สั่งแค่2แต่มาในบิล3แบบนี้ตั้งใจโกงหน้าด้านๆ #เพราะโต๊ะข้างๆก็โดนเช่นกัน,neg
เลิกสูบทั้งบุหรี่ และบุหรี่ไฟฟ้าเถอะ แม่งเหม็นทั้ง2อย่างได้กลิ่นละปวดหัว,neg
─ ╱ 🐻╱♡̷ MK นี่ชอบกินจังเปลี่ยนบ้างก็ได้ !!! เบื่อสุกี้แล้วเบื่อเป็ดย่างด้วยแต่ไม่เบื่อเตงนะคะ อิ _ อิ,neg
1/3/2018 ฟอร์ดโฟกัส 2012 ตัวท็อป 5 ประตู ขับๆไปเครื่องดับกลางอากาศ เหตุเกิดเมื่อสักครู่เลย ไม่ทราบสาเหตุเป็นเพราะอะไร ขับไปที่ความเร็วไม่เกิน 100 อันตรายมาก ขอความเห็นและความรู้จากฟอร์ดด้วยว่าเป็นเพราะอะไร เข้าศูนย์เช็คระยะ ตามระบบของฟอร์ดทุกครั้ง ไม่มีปัญหาอะไรให้ทางศูนย์เจอ แต่พอเจ้าตัวเอารถมาใช้ พบปัญหาจุกจิ๊กเยอะมาก #ขอทราบเรื่องที่เครื่องยนต์ดับในขณะที่ขับก่อนแล้วกันครับ หวังเป็นอย่างยิ่งว่าฟอร์ดจะให้ความช่วยเหลือในเรื่องพวกนี้ได้ครับ,neg
แจ็คแดเนียลสี่ขวด อีดอก แดกหรือเททิ้ง,neg
หงส์ทองกินแล้วภาพมันจะตัด,neg
พอพูดถึงรถยนต์แล่วคิดถึงแฟนเก่าเลยค่ะ อิสัส ออกมาสด้า2มาให้กูนั่งเป็นตุ๊กตาหน้ารถได้3เดือน ไล่กูลงรถเฉยจ้าาาาา ไม่…,neg
อะไร หมดแล้ว,neg
เบื่อพวกชอบสูบแล้วพ่นขี้ปากตัวเองออกมาให้คนอื่นดม แล้วก็มีหน้ามาบอกว่าหอม สะอิดสะเอียน,neg
จะเอาแรงไปไหนครับเครื่อง ลัมโบเมืองนอกขี่ในเมืองได้แค่60 นอกเมือง90 ทางไฮย์เวย์120 ได้ยินแต่เสียงท่อ แต่ก็ไปถึงที่หมาย พอๆกับวีออส,neg
ต้องสมัครพันทิปไว้แล้วล่ะ รออ่านดราม่า mazda 2 ของนี่กับศูนย์ได้เลย,neg
เกลียดดีแม็ค สัส,neg
รูปเนื้อจากบาบิก้อนน่าจะในหมูนะไม่น่าจะใช่ในวัว นี้กินซกเล็กบ่อยมากไม่เคยเจอ รึกุแดกแบบไม่มอง,neg
อ้วนตาย 5555,neg
ผิดเพราะไม่เสียภาษีให้รัฐไง,neg
ปาย แม่งขี้โม้ว่ะ.,neg
ออกแบบได้ลงตัวมาก ภายในสวยหรูดี ปุ่มไม่เยอะจนตาลาย... เครื่องยืดหนุ่นแรงม้าได้แบบนี้ขับมันส์ ทั้งประหยัดด้วย เยี่ยม.. ราคาล่ะคราวนี้ ถ้ากดลงมาได้สัก ล้านสองกว่า ตัวเริ่มต้น ยันล้านหก ผมว่ามีอนาคตแน่ๆ เพราะ คู่แข่ง ทั้งแคมรี่ แอคคอร์ด ไม่ประทับใจเลย,neg
อยากให้ของทานเล่นร้อนกว่านี้กุ้งเทมปุระแข็งไงค่ะไม่กรอบเลยเปนทุกสาขา,neg
โซฟีสีฟ้ากลิ่นน้ำหอมแรงไป,neg
อิสัดดด มะต้องกิน เลิกคบด้วย,neg
แอร์ร้อนแต่มีพัดลมเสริม,neg
ควรปรับปรุงในเรื่องคุณภาพของเนื้อนะคะ 2 วันก่อนไปกินมาสาขาเมกา บางนา ไปกินตอนบ่ายสามไม่มีอะไรตกถึงท้องมาก่อน สั่งชุดหมูมิโซะไป ตอนเย็นท้องเสียหนักมากค่ะ ถ่ายเกือบ20รอบ ถ่ายจนเป็นน้ำ จนต้องเข้าโรงพยาบาลให้น้ำเกลือเลยค่ะเพราะเสียน้ำมาก หมอบอกอาหารเป็นพิษได้รับเชื้อไวรัส นี่เพิ่งได้ออกจากโรงบาล คงเข็ดไปอีกสักพัก แค่อยากให้ระวังไว้ค่ะ,neg
อยากลอง แต่แพ้โซฟี,neg
เพื่อนชวนกินลีโอ ไม่ได้โออิชิผสมนี่ตายไปละ พูดจิง ไม่อร่อยเลยง่ะ รสไม่นุ่ม กลิ่นก็ไม่หอม,neg
Dmax G1 ที่บ้าน 15 ปีเครื่องเดิมๆไม่เปลี่ยนไม่เคยมีปัญหา ซื้อใหม่อีกคันสงสัยคงต้องเอา Dmax กลับมาพิจารณาใหม่,neg
ถ่ายที่ไหนทำไมดูดีจังวันก่อนไปทานที่โรบินสันฉะเชิงเทราของน้อยมากไม่น่าเข้าไปทานเลย,neg
อยากให้ #TOYOTA ปรับเรื่องไฟหน้า FORTUNER ด้วยครับไฟหน้า ทำมาได้สุดทีน จริงๆครับเปิดธรรมดาก็แสบตามากพอแล้ว เจอบ้างคันเปิดไฟสูงมาลงข้างทางอย่างเดียวครับ อีกรุ่นครับ #MITSUBISHI. #ปาเจโร ไฟหน้ามาแบบ เพื่อนร่วมทางนี้หงายท้องเลยทีเดียวเชียว มันจะทำให้เจ้าของรถโดนเกลียดขี้หน้าไปด้วยทั้งๆ ทีซื้อมาเดิม เค้าจะมาโดนคนอื่นให้พร ตลอดทางเพราะรถ เอานะครับ.,neg
เค้าเเพ้สเมอร์นอฟ​อ่ะตัว,neg
หาเช่าชุดแพงกว่าค่าแดกไปอีก,neg
บาบีก้อนรออีก37คิว อีดอกกก,neg
อาทิตย์นี้ไม่ว่างน่ะจร๊ะ อด,neg
ผมเพิ่งเช็คบิล เดินออกมาแล้ว ปกติจะนั่งทานสาขาบิ๊กซีสุขาภิบาล3 และ พรอมพานาดแฟชั่น ส่วนสาขาเดอะมอลล์บางกระปิ พนักงานมองลูกค้าหยิ่ง ไม่ยิ้มแย้ม,neg
รถเพื่อนผมสรุปคือเครื่องน็อควิ่งจากชลบุรีไปไม่ถึงบ้านเคว้งคว้างกลางทางไปไหนต่อไม่ได้แถมเสียเงินค่าลากรถเข้าศูนอีกคนที่ใช้แล้วไม่พังก็ไม่ต้องมาว่าเจ้าของเม้นเขาหรอกเพื่อนมันใช้มาสด้าบีที50จนเก่าเห็นฟอร์ดสวยเท่มันก็เอาบีทีไปเทินทั้งที่หมดงวดแล้ว4*4ล้านกว่าบาทจ่ายค่างวดไป4เดือนกลับปีใกม่รถพังแล้วถามว่ารถคันล้านกว่ายังต้องมาเสี่ยงดวงอีกหรือไงแล้วถ้าบอกว่าขับไม่เป็นถึงพังแล้วยี่ห้ออื่นใช้จนหมดงวดทำไมไม่พังวะคิดสิคิดนึกถึงตัวเองก็ได้ถ้าเป็นเราจะรู้สึกยังไงออกรถใหม่ราคาหลักล้านแต่ต้องมาใช้รถลากเข้าศูน ทั้งๆที่สภาพรถดูแล้วยังใหม่เอี่ยมเงาวับอยู่เลยแต่ขับไม่ได้แถมต้องพาครอบครัวมานั่งกินข้าวลิงอีกโหคิดแล้วทั้งเหนื่อยทั้งท้อนะแบบนี้รถใครไม่พังคือคนโชคดีแต่ของคนที่เขาพังคือเขาโชคร้ายจะมาว่าเขาขับไม่เป็นมันก็เกินไป,neg
เคยโดนประกัน 7 หมื่น. ศาลปรับ พันเดียว แต่กว่าแม่งจะยื่นเรื่องไปศาล เดือนกว่า คิดเอาครับถ้าคนไม่มีเงินประกันละ ติดฟรีไปเดือนกว่านะครับ ถ้ายัด 2พัน - 1 หมื่น คิดเอาครับว่ามันหาแดกไหม แรงกว่ายาก็บุหรี่ไฟฟ้านี่ละ ถถถถถถถ,neg
สเมอนอฟพี่ว่าไม่อร่อย 5555,neg
พอเป็น Eucerin มันก็จะแพงหน่อยๆ😂,neg
แม่งเอ้ยยยยยสาบานว่าจะไม่กรอกแสงโสมเข้าปากอีก,neg
ได้มีการฝึกอบรมพนักงานรึป่าว ถึงไม่รุ้ขั้นตอนขนาดนี้ มีแต่เรื่องนะก้อน,neg
ลีโอขึ้นเป็นขวดละ110 ตอนนี้กินก้อได้สองขวดดดด,neg
อยากกินแต่ภูเก็ตไม่มีเสียใจ,neg
กูขอบายค่ะอันนี้,neg
รอนานมากยังไม่ได้ทานไม่ไหวค่ะขอบอกสาขาพลัสมอลอมตะชลบุรีปรับปรุงด้วยโต๊ะว่างก้อไม่เคลียร์ให้ลูกค้าเข้าปล่อยโต๊ะว่างให้ลูกค้ายืนรอไหวไหมค่ะแย่ค่ะ,neg
"ไม่พบพยาธิ แต่พบ!! ""Chronic inflammation and multifocal small-size abscesses are found in fibrous connective tissue next to muscle tissues. Inflammatory cells, debris cells, and bacterial clumps are located in the center."" สรุป ""เนื้อวัวมีการติดเชื้อแบคทีเรียจนเกิดการอักเสบและกลายเป็นฝีหนอง"" เอาเนื้อวัวที่ติดเชื้อแบคทีเรียมาขายนี่หนักกว่าพยาธิอีกนะคะ ก๊อบเค้ามา",neg
ฉันไม่เข้าใจคนที่มาถามหาชุด innisfree แดเนียลราคาปกติจากฉัน.... ตอนนี้ปกติหรือไม่ปกติถ้าไม่สั่งไว้ตั้งแต่ก่อนซื้อก็…,neg
ไม่อร่อยไม่คุ้ม ของน้อยมาก ของหมดไม่เติม กินบาร์บีก้อนคุ้มกว่า,neg
มันคือฝีหนองงง 😨 #เจริญอาหารมั้ยล่ะ,neg
ไม่มีสาขา พล ร่วมรายการเลย T_T,neg
เคยอ่านในนี้แหล่ะ แต่เขาลบข้อความออกไปไว ว่าโตเป็นเจ้าเดียวที่ รายงานยอดขายจาก รถที่ดันส่งเข้า 0 ของดีลเลอร์ ที่ขายไม่ดี เพราะ ตัวใหม่ ที่ปรับมา ส่ว่นลดน้อยครับ ปกติ โฉมกระจังหน้าเก่า ลดประมาณ 80000 ถึง แสน หรือแสนห้าสำหรับตัวค้าง โฉมกระจังหน้าใหม่ ลดเงินดาวน์แค่ 4 หมื่นเอง ยอดเลยไม่เยอะ เพราะ ลค เขาติดแล้วว่า โตต้องลดเยอะ ในรีโว่,neg
ติดอย่างเดียวไม่มีลูกกลิ้งเทไม่ระวัง แดกเพลียวครับ,neg
อยู่แถวสยามสแควร์ มีหัวปลาให้สั่งลงไปต้มในหม้อด้วยครับ เกี๊ยวกุ้งอร่อย ชอบมากกว่าเอ็มเค,neg
หรูอะไรแค่ยาริสคันไม่กี่แสน,neg
หลังจากเรื่องเมื่อคืน กูขอแบนสเมอร์นอฟนะ เลิกแดกเถอะนะ กูกราบ!! #ประสาทแดก 555555555,neg
แอคส่วนตัวของผู้บริหารแสนสิรินี่โฆษณามันทุกทวีตเลยเหรอ,neg
#ERROR!,neg
ดีนะกูไม่ชอบบาบีก้อน รอด,neg
คำที่หมอบอกไว้ตอนท้ายแม่งเหลือเกินจริง ๆ,neg
หงส์ทองกินแล้วภาพมันจะตัด,neg
พอพูดถึงรถยนต์แล่วคิดถึงแฟนเก่าเลยค่ะ อิสัส ออกมาสด้า2มาให้กูนั่งเป็นตุ๊กตาหน้ารถได้3เดือน ไล่กูลงรถเฉยจ้าาาาา ไม่…,neg
อะไร หมดแล้ว,neg
เบื่อพวกชอบสูบแล้วพ่นขี้ปากตัวเองออกมาให้คนอื่นดม แล้วก็มีหน้ามาบอกว่าหอม สะอิดสะเอียน,neg
จะเอาแรงไปไหนครับเครื่อง ลัมโบเมืองนอกขี่ในเมืองได้แค่60 นอกเมือง90 ทางไฮย์เวย์120 ได้ยินแต่เสียงท่อ แต่ก็ไปถึงที่หมาย พอๆกับวีออส,neg
ต้องสมัครพันทิปไว้แล้วล่ะ รออ่านดราม่า mazda 2 ของนี่กับศูนย์ได้เลย,neg
โฮกาเดนคนเดียวสี่ อิเหี้ยยยยยยยยย,neg
ควันโรงงานอุตสาหกรรมมีผลเสียกว่าควันไอน้ำอีก,neg
เหมือนแม่อะภามนี่กิน285หรอ เห้อ กุเส้า แดกเหล้าขาวแม่ง,neg
ผมชอบเค้าออกแบบท่อไอเสียมากๆเลยครับ คนออกแบบยังกะจบแค่ป.6 แต่งวดนี้ดีนะที่ไม่โฆษณาว่าเป็นผู้นำด้านเทคโนโลยี ฟังทีไรแล้วจะอ๊วก ถามจริง ที่ขายอยู่นี่มีสักรุ่นมั้ยที่มีกล้องช่วยถอย (อย่าไปฝันถึง adaptive cruise อายmazda3),neg
ขับมาสด้า3อยู่ ตอนเข้าศูนย์ ครั้งนึ่ง ช่่างบอกว่า ถ้าเครื่องเบนซินซื้อได้เลย แต่ดีเซล อย่าาาาาาาาาาาาา ไปยุ่งเชียว ถ้าไม่อยากปวด,neg
ส/ค พวกนี้มันเยอะเกินควบคุมแล้ว ขนาด อย. ยังเอามาสวม เครื่องหมายฮาลาล กะยังเอามาแปะได้ ไม่ได้ว่าครีมซองที่ขายมันไม่ดี มันดีสำหรับพกพาราคาเบา กป. แต่ถ้าไม่ใช่การ์นิเย่ โอเลย์ หรือจุฬาที่ได้มาตรฐานยุแล้วทำครีมซองออกมาคนกะใช้ แต่ยี่ห้ออื่นตอนนี้หรือแม้กระทั่งใน 7-11 น่ะมันเยอะเกินเคยตรวจสอบขริงจังมั้ย,neg
ควร จะ กระทะ ดำ ทุกสาขาได้แล้ว แม่ง ตักน้ำซุป ยากมาก ทองเหลือง อะ,neg
อีพนักงานเอ็มเค ด้ายยยยยยยยย ด้ายยยยยยยยยย เดี๋ยวเจอคอมเพลน อิสัส,neg
แบบนี้บริษัท สิงห์ จะโดนจับเหมือนประชาชนมั้ยครับ ข้อหาโฆษณานำเสนอสิ่งมึนเมา เซเว่นมีคนใช้บริการตั้งแต่หัวดำยันหัวหงอก ขึ้นชื่อว่าสะดวกซื้อมึงก็สะดวกเกินไปรึป่าว,neg
พี่ก๊อน ฝากบอกว่าใครที่รอ รีฟิว ให้รอจนแก่กันไปข้างหนึ่งเลยครับ😅😅😅😅,neg
ไม่น่าอิ่ม,neg
ดูความเร็วทางตรงอย่างเดียวไม่ได้จริงๆ ครับต้องดูความเร็วทางคดเคี้ยวด้วย jazz vios อาจแหกไปก่อนตั้งแต่โค้งแรกแล้วก็ได้,neg
หมดผโค้วต้าเดือนมีนาแล้วค่า,neg
เป็นคนเรียบๆ ง่ายๆ ไม่ชอบสีสันเยอะค่ะ เลี้ยงง่ายด้วยนะ สนใจเลี้ยงข้าวสักมื้อไหม ?#กลมกลืนมากกกกก #55555+#น้องเพชรชมพู#nissan #note #baeng_priklao #แบงพริกลาว,neg
เอ็มเคก็มีเครื่องดื่มชีสกับเขาด้วย55555 แต่เซง ชอบชุดตอกไข่หง่ะ หมดโปรไปซะละ //วันพ่อคนเย๊อะเยอะ แต่ก้งี้หล่ะ เรายังมากับพ่อเลย5555,neg
บุหรี่ไฟฟ้าทำให้พ่อมันตาย,neg
อ่านแคลก็จะอ้วกยังต้องมาเลื่อนผ่านเจอตัวอ่อนพยาธิในหมูบาบิก้อนอีก เห้อ,neg
แสงโสมเพรียวสัสหมา,neg
แม่ง เบียร์ช้างเห็นๆ โฆษณาแอบแฝง ได้กี่บาทวะ,neg
น่าจะขายไม่ดีแหละ โคตะระเซง,neg
อันนี้เคยเจอมากับตัว สมัยกาดสวนแก้วเปิดใหม่ๆ มีร้านสุกี้ ที่ไม่ใช่ เอ็มเค เปิดอยู่ชั้น 1 เจอพยาธิ ดิ้นออกมาจากไส้อ่อน ตัวเป็นๆ เพราะมันโดนน้ำร้อนลวกไง และไม่เคยคิดจะฟ้องร้องทางร้าน ผจก.ร้านมาดู มาขอโทษ ก็แค่นั้น ... ฟ้องร้องน่ะ แต่คิดว่าให้อภัยดีกว่า แต่จากในข่าว ฟ้องร้องตั้ง 6 ล้าน มันเกินไปป่าววะ เกลียดนักพวกที่ใช้ช่องโหว่ทางกฎหมาย เพื่อหาประโยชน์เข้าตัวเอง,neg
Free entry ควยเหอะ ...!!! แทนที่จะแจ้งว่าบัตรเข้า 970 ได้ 5 คน บังคับให้ซื้อ smirnoff 1 set ถึงเข้าไดเ และไอเหี้ย ก่อน 4 ทุ่มไม่ขายเบียร์ มึงไม่แจ้งให้มันหมด ๆ หน้าเพจไปหละ และลุกค้า Walk in ที่ไม่แดกเหล้า แดกแต่เบียร์ทำไง ???,neg
อิสัส ค่าผ้าอนามัยแพงพอๆกับค่าเหล้า,neg
ไม่ใด้ครับรายใด้หลักเค้ามาจากตรงนี้,neg
เคยเข้าไปเม้นท์ในเพจไอ่หงอก มันมาตอบเอง(เรื่องที่มันอ้างว่า เบียร์ช้าง จ่ายเงินให้มาเวล นำภาพในหลวงร.9ไปใส่ในหนัง spiderman)สาวกมันเข้ามาสมทบ บอกว่าให้แคปเม้นท์ไปใส่กรอบ ที่อ.หงอกลงมาตอบเอง?? กุละขรรมกลิ้ง บอกพวกมัน ไอ่หงอกมันน่าจะดีใจมากกว่าที่กุอุตส่าห์สละเวลามาคุยกะเหี้ยอย่างมัน แม่มดิ้นกันทั้งเพจ 55555555555,neg
ฮาดะลาโบะทองคือคันยิบๆ,neg
เราเป็นคนนึงที่ไม่เคยผูกอะไรกับบัตรและบัญชีต่างๆเลย ซึ่งรู้สึกว่าคิดถูก ล่าสุดเจอทรูมูฟ คิดค่าเน็ตเกินราคา ถ้าผูกไว้ไม่รู้จะได้เงินคืนเมื่อไหร่เลยอะ,neg
เราไม่ได้เป็นสมาชิกนี่นา,neg
หัวหน้าพรรคจะโดนจับฟาล์วหรือเปล่า เลยเลื่อนออกไปให้ถูกกฏหมาย,neg
เดี๋ยวนี้เนื้อที่ hotpot อย่างเหนียว,neg
ไม่ว่าจะเม้นท์ไหนๆ ก็เป็นเสียงเดียวกันว่า เน็ตตัดบ่อยโคตร บางวันแม่งตัด 7-8 รอบ ไอห่า กุจะสตรีม จะอัพโหลดอะไร ก็ไม่ได้ ต้องมาคอยระแวงว่าแม่งจะตัดเมื่อไหร่ ต้องมา resume ตอนไหน,neg
ไปมุงดราม่าในห้องคสอมา คือแบบคนที(เหมือนจะโกง) ประวัติดีแต่วนรูปขายซ้ำๆ แล้วขายแบบ ลาแมร์ anr ราคาถูกกว่าปกติ คนโดนโกงยอด 1k-2k แล้วแบบมีคนนึงทักแชทเฟสไปหาพ่อค้า ประมานว่าถ้าไม่มีของก็คืนเงินมา รู้ใช่ไหมว่าพี่เป็นใคร นี่รีบใส่ใจเลยจ้า เข้าไปดูก้เออ คืนเงินเค้าเถอะ จะได้มีชีวิตยาว,neg
หลอกคนไทยกิน ยาพาราทุก 4 ชั่วโมงมา 4-50 ปี ไม่ให้กินไข่เยอะ ไมให้กิน น้ำมันหมู เพิ่งหูตาสว่างเพราะไปหลงเชื่อฝรั่งมันให้มาหลอกคนไทย ทีตอนฝรั่งทำวิจัยเอาเรื่องจริงมาพูด กลับหูตามืด บอด,neg
ต่อให้หน้าชนกัน Honda ก็ไม่เหลืออยุ่ดี,neg
🚗💨💨 ซิ่งเป็นบางเวลา ซ่อกแซ่กได้ทุกที่ << ขับสนุก ชับมัน ใช่เลย‼️ 👍🏻👍🏻 Honda Jazz>>#Jazz Naja,pos
ไปดิ..รอไร,pos
อยากกินบาบีก้อนหรอ555555,pos
ต้องไปลองกันนะ,pos
ขอให้ SHEENe มีกิจการรุ่งเรือง ขายดีๆ ยอดไลท์เพจเยอะๆ มีสินค้าคุณภาพออกมาให้ผู้บริโภคมากๆ ให้ SHEENeดูแลคนไทยไปตลอดไปครับ,pos
ไม่นะ อันนี้คนเต็มใจดูดเองถ้าของดีกว่าคนก็ต้องเลือกสิ่งที่ดีกว่า บุหรี่จริงแพงทำร้ายสุขภาพ บุหรีไฟฟ้าลงทุนทีเดียวแต่อยู่ยาวเสียเงินน้อยกว่า ดีต่อตนเองละคนรอบข้างไม่ก่อมะเร็ง เถียงไม่ได้แล้วพาลอิอิ ไหนงานวิจัยของไทยเอามาโต้ดิ,pos
"แดงโดนใจจริงๆ 😲 Honda Civic Hatchback Rallye RED ลุยงาน #MotorShow2018 หลังจากที่เคยเปิดตัวในรุ่นซีดาน . มาพร้อมระบบสตาร์ทเครื่องยนต์แบบอัจฉริยะ (One Push Ignition System) แค่เพียงกดปุ่ม Start เครื่องยนต์ 1.5 ลิตร เทอร์โบ ของ Honda Civic RED Turbo RS ก็พร้อมจะไปกับเราในทุกเส้นทาง . ราคาค่าตัวอยู่ที่ 1,169,000 บาท . ใครสนใจไปพบตัวจริงกันได้ที่บูธ A9 อาคารชาเลนเจอร์ฮอล์ 1-3 อิมแพค เมืองทองธานี",pos
"มากินเนื้อกันเถอะ เนื้อ ""แว่นสะโพก"" รู้จักกันป่ะ อร่อยมากเป็นส่วนเล็กๆ ที่แปะอยู่กับสะโพก มี 2 ชิ้นต่อตัว เนื้อนุ่ม ไขมันแทรก เอาลงกระทะไม่ต้องใส่เนย เดี๋ยวไขมันจะละลายออกมาเอง โรยเกลือ โรยพริกไทย จะจิ้มน้ำจิ้มแจ่วด้วยก็ได้ อร่อยที่สุด😉 อยากอวด เนื้ออร่อย เนื้อ KU Beef นะจ๊ะ😁",pos
ขอบคุณค้า,pos
คนอะไรใจร้ายเหมือนหน้าตา,pos
ซื้อแล้วผิดหวังสินค้าไม่มีคุณภาพ        ,pos
แย่มาก บิดน้ำไม่แห้ง เสียดายตังมาก      ,pos
ตกใจมาก โคตรแย่ ก่อนหน้านี้ใช้ดี ชอบมาก ปลอดภัยดี ตอนระเบิดมีกลิ่นไหม้กับประกายไฟ ไม่เป็นแผลแต่เป็นดำๆ ที่มือ แสบเล็กน้อย       ,pos
สินค้าใช้ดีสีสดใช้จนถึงทุกวันนี้        ,pos
ร้านนี้ ขายสินค้าตรงตามประกาศ ส่งตามกำหนด สินค้าใช้งานดี        ,pos
ถูกกว่าในห้างเยอะเลยครับ ภาพชัด สินค้าใหม่ พนักงานบริการดีมาก สั่งสินค้ากับลาซาด้าไม่เคยผิดหวังเลยครับ  ,pos
แรงดี หน้าจอใหญ่ ส่งของเร็ว พอใจครับ    ,pos
จอใหญ่มาก คุณภาพเสียง ชัดเจนดีมาก โดยรวมแล้วคุ้มค่ามาก  ,pos
พกพาสะดวก ได้ของเร็ว    ,pos
โอเคมาก เป็นอย่างที่คาดหวังไว้ เยี่ยม   ,pos
ได้สินค้าภายในสองวัน OK นะครับ สมราคา ใช้งานได้ปกติ     ,pos
ดีมากๆๆคะ ได้เร็ว แพ๊คดี สินค้าสภาพดี ราคาถูก ไม่ต้องไปเดินช๊อปเอง ดีคะ ,pos
ส่งของรวดเร็วมาก สินค้าใหม่ด้วย โดยรวมให้คะแนนเต็มครับ  ,pos
อิ่มจังที่...@hotpot โฮมราชบุรีคร้าาาา,pos
ทางหัวหน้างานได้โทรมาแล้วนะคะ ขอบคุณที่ทางMK ใส่ใจในปัญหาของลูกค้าและพร้อมจะรับผิดชอบและแก้ไขไปในทางที่ดีขึ้นค่ะ,pos
ผมรักเม้นนี้ ชัดเจน ทราบแล้วเปลี่ยน,pos
เมนูฮิตที่ทุกคนคนชอบ,pos
ดื่มง่าย ดื่มคล่อง ไม่ต้องบีบจมูกเวลาดื่มด้วยจ้า จะไปซื้อกันยังนะ,pos
ไปเลยกำลังว่าง,pos
ส่งเร็วดี ใช้ดีคุ้มมาก ราคาถูก  ,pos
ได้รับสินค้าเร็วค่ะ และสินค้าก็มีคุณภาพ สวมใส่สบายตัวมากๆๆ เลยค่ะ       ,pos
ได้รับของเร็วมาก.. แถมสินค้าได้ตามต้องการสวยมาก ,pos
รับประทานดีอยู่นะครับ มองเห็นความเปลี่ยนแปลงของร่างกาย ทานแล้วรู้สึกว่าดีนะ     ,pos
ใช้ได้ดีเหมาะกับราคานี้ ก็สรุปว่าดีครับ ,pos
สินค้าใช้แล้วดีมากไม่ทำให้ลูกแพ้เลยแถมราคาถูกกว่าในห้างและตามร้านค้าอีก ,pos
ใช้งานดีมากส่งของก็เร็วของครับ  ,pos
ส่งไวมาก สั่งตอนเย็น ตอนเช้าได้แล้ว สินค้าแพ็คมาดีมาก ใช้งานได้ปกติไม่มีปัญหาอะไร ถือว่าคุ้มค่าสุดๆครับ ,pos
วัสดุค่อนข้างดีนับว่าคุ้มราคาครับ       ,pos
ใส่สบายสั่งหลายรอบแล้วจร้าาา    ,pos
ส่งของรวดเร็วดี คุณภาพใช้ได้ค่ะ ,pos
ใช้งานได้ดีราคาไม่แพงมาก       ,pos
ชอบที่ส่งเร็วมากครับ ทันใจดีจิงๆ        ,pos
รับของไว พนักงานส่งของดีมาก คุณภาพคุ้มราคา      ,pos
ดีครับ คุ้มค่าคุ้มราคา น่าจะใช้งานได้ทนทานมือใหม่น่าเอามาใช้ครับ      ,pos
คุณภาพพอใช้ได้  ดูบอบบางจัง ต้องดูระยะการใช้งานระยะยาวค่ะรวม ๆ ถือว่าโอเคค่ะ    ,pos
สินค้าแพคอย่างดี ที่สำคัญส่งขอเร็วมาก คิดว่าจะได้ช้าเสียอีก     ,pos
ส่งของไวมาก แต่ราคาขึ้นลงบ่อยมา ต้องเข้ามาเช็คราคาบ่อยๆ ว่าวันไหนจะราคาถูก แต่คุ้มแน่นอนค่ะ เลือกซื้ออันนี้ไม่ผิดหวังค่ะ        ,pos
ได้รับของเร็วมาก กระทะร้อนเร็ว ทำอาหารได้หลายอย่างเลยค่ะ ชอบมาก ,pos
เกลียด ชอบหลอกให้สั่งซื้อ ที่ไหนได้ไม่มีสิ้นค้า,neg
สินค้าด้อยคุณภาพ      ,neg
สินค้าหมดทำไมไม่แจ้งขึ้นว่าหมดอะ.กดใส่ตะกร้าไปเถอะ.เซ็งเรย     ,neg
อย่าทำแบบนี้กับใครอีกนะค่ะแย่มากค่ะ    ,neg
คือเเบบผิดหวังมาก เเย่ที่สุดได้ของมาฝาเเตก เเตกนิดหน่อยไม่ว่าเเตกเยอะมาก ครั้งเดียวพอจบเเยก,neg
ส่งช้าจัง รอนานมาก ยกเลิกก้อไม่ได้   ,neg
แย่มากกกกกกค่ะ เอาของพังมาให้ฉุนมาดค่ะไม่พอใจเป็นอย่างมากค่ะ. ส่งของ ก็ไม่ได้ใบเสร็จ. ไม่ไหวจะเคลียร์  ,neg
ไม่แนะนำซื้อมาใช้ได้วันเดียวใช้ไม่ได้แล้ว     ,neg
แย่ๆสั่งสินค้าไปหลายวันแล้วไม่ส่งให้สักทีเหนื่อยกับการรอคอย    ,neg
เสียความรู้สึกอย่างมาก สวยแต่ในรูปใส่ได้ครั้งเดียว ไม่ดี      ,neg
ใช้เดือนเดียวพังแย่ๆมากๆ      ,neg
เสียใจความรู้สึกมากกระเป๋าบางมากไม่ตรงกะแบบสินค้าที่ลงการแพ็คของส่งก็แย่เอาถุงดำที่ใส่ขยะแถมสกปรกมากทำไมไม่ตรวจสอบก่อนส่งถึงมือลูกค้าเราไปซื้อของคุณนะไม่ได้ไปขอฟรีๆปรับปรุงด่วน!!!!   ,neg
การส่งของแย่มาก ขนาดตะโกนว่ารอเดี๋ยว ยังโยนสินค้าข้ามรั้ว ถ้าโน้ตบุคเสียหายจะทำยังไง    ,neg
ใช้ในรถระบบเสีย พังใช้ต่อไม่ได้ ,neg
ผิดหวัง ลบไม่ออก        ,neg
หมดอายุแล้วไม่ควรเอามาลงขายค่ะเสียใจผิดหวังมากๆค่ะกว่าจะหมดแพงด้วยนะ   ,neg
ส่งช้ามาก ตอนนี้ยังไม่ได้ของ   ,neg
ได้รับของแล้วผิดหวังมาก ไม่ดีเลยค่ะ    ,neg
สินค้าไม่มีคุณภาพสายกางเกงไม่เท่ากัน    ,neg
ช้าสุดๆรอจนรำคาญละ     ,neg
คุณภาพคุ้มค่าครับ      ,neg
เสียใจความรู้สึกมากกระเป๋าบางมากไม่ตรงกะแบบสินค้าที่ลงการแพ็คของส่งก็แย่เอาถุงดำที่ใส่ขยะแถมสกปรกมากทำไมไม่ตรวจสอบก่อนส่งถึงมือลูกค้าเราไปซื้อของคุณนะไม่ได้ไปขอฟรีๆปรับปรุงด่วน!!!!   ,neg
การส่งของแย่มาก ขนาดตะโกนว่ารอเดี๋ยว ยังโยนสินค้าข้ามรั้ว ถ้าโน้ตบุคเสียหายจะทำยังไง    ,neg
ใช้ในรถระบบเสีย พังใช้ต่อไม่ได้ ,neg
ผิดหวัง ลบไม่ออก        ,neg
หมดอายุแล้วไม่ควรเอามาลงขายค่ะเสียใจผิดหวังมากๆค่ะกว่าจะหมดแพงด้วยนะ   ,neg
ส่งช้ามาก ตอนนี้ยังไม่ได้ของ   ,neg
ได้รับของแล้วผิดหวังมาก ไม่ดีเลยค่ะ    ,neg
สินค้าไม่มีคุณภาพสายกางเกงไม่เท่ากัน    ,neg
ช้าสุดๆรอจนรำคาญละ     ,neg
คุณภาพคุ้มค่าครับ      ,neg
เขาอยากกินนนนน,pos
เมื่อวานชานมไข่มุกก็อร่อย วันนี้รุ่นพี่ก็อร่อย //สูดกาววาดไม่ทันแล้ว #เต็นสิค,pos
แวะกินเอมเค 55555,pos
น่าสน!!!ไปม๊ะ,pos
ต้องลอง555,pos
ป๊า เค้าอยากกินน,pos
ไป อยากจังแล้วนิ,pos
สมองไหลตลอด,pos
นี่นิสสันยังดูไม่ใหญ่อีกเหรอครับ..ส่วนตัวคิดว่ารถกระบะนิสันออกแบบดูเทอะทะกว่าค่ายอื่นในยุคเดียวกัน(แต่ดูตัวเลขแล้วก็ไม่ได้ใหญ่นะ)ถ้าเขาเดินเกมแบบค่ายเจ้าตลาดทั้ง2ค่ายหรือออกตัวเท่ๆแบบฟอร์ดน่าตะไปได้ดีกว่านี้(ฟอร์ดยังไม่ใข่แรปเตอร์นะแรปเตอร์ส่วนตัวว่าแรปเตอร์เป็นปิคอัพหรูน่าจะเฉพาะกลุ่มที่เงินถึงๆ),pos
เลือกได้ 2 ซุป และน้ำจิ้มท่านละ 1 รสชาติค่ะ ^^,pos
พลาดเพราะรีโว่นั่นแหละ,pos
พยามบอกเขาว่า ไอน้ำนะ ไม่ใช่ควัน,pos
งานแสงโสม,pos
14 เมษายนของทุกปี คือ วันครอบครัว ค่ะ #สวยกล้าทุกแสง #คู่หูท้าแดด #kmacosmetics,pos
รีเจนซี่ ตื่นสบายจริงเหรอ 555,pos
บุหรี่ไฟฟ้านะ ไม่ใช่ยาบ้า มึงก้บ้า เกินไป,pos
แล้วตอนนี้มึงก็แดกอะไรไม่ได้เลยอ้อ,pos
จันทร์ Shock โลก The Return คืนนี้ ดีเจโอ๊ต ปราโมทย์ เปิดบ้านต้อนรับดีเจคุณพ่อลูกหนึ่ง เจ็ม ณัฏฐ์ปวินท์ มาระเบิดความฮากับคำถามสุดช๊อกและของรางวัลสุดกวน 3-5 ทุ่มที่ EFM104.5 และชมสดพร้อมๆกันผ่าน Facebook Live & Youtube Live ลงทะเบียนเล่นเกมส์ได้แล้วตอนนี้ที่เบอร์ 02-222-2222 . สนับสนุนความ Shockkkkk โดย Centerpoint of Siam Square https://www.facebook.com/centerpointofsiamsquare BarBQ Plaza http://www.11street.co.th/store/MiniMallAction/getMiniMallHome.do?sellerHmpgUrl=barbqplaza MG http://mgcars.com/th/mg-models/mgzs/detail/overview รู้ใจดอทคอม https://www.roojai.com/ Traveloka https://www.traveloka.com/th-th/?utm_source=THFlightHotel&utm_medium=radio&utm_campaign=EOY-011117 CP https://www.facebook.com/dimsum.jadedragon/ Enchanter https://www.facebook.com/EnchanteurThailand/ #จันทร์ShockโลกTheReturn,pos
"Civic ทุกรุ่นใช้ระบบกันสะเทือนหน้าแบบคอยล์สปริง ด้านหลังทอร์ชั่นบาร์พร้อมคอยล์สปริง เครื่องยนต์ยังคงใช้รหัส D และเพิ่มรุ่นใหม่ 1,500 ซีซี CVCC โดยในปี 1984 ได้เพิ่มรุ่นแรงรหัส Si สำหรับทำตลาดญี่ปุ่น ปรับปรุงระบบกันสะเทือน และใช้เครื่องยนต์ DOHC ZC ความจุ 1,600 ซีซี กำลังสูงสุด 130 แรงม้า ส่วนรุ่นที่ทำตลาดในสหรัฐอเมริกาในชื่อ Civic Si 3 ประตู และ CRX Si ใช้เครื่องยนต์หัวฉีด 12 วาล์ว กำลังสูงสุด 91 แรงม้า เดือนพฤศจิกายน 1984 ฮอนด้าเพิ่มระบบขับเคลื่อน 4 ล้อให้ Civic เป็นครั้งแรกในรุ่น Shuttle ช่วงแรกมีปุ่มกดสำหรับเข้า-ออกจากระบบขับเคลื่อน 4 ล้อที่เรียกว่า ""Realtime"" เพราะสามารถทำได้ขณะรถวิ่ง จากนั้นในเดือนกุมภาพันธ์ 1985 จึงเพิ่มรุ่น Quint Integra ตัวถังแฮทช์แบ็ก 3 ประตู ฐานล้อ 2,450 มิลลิเมตร และในเดือนพฤศจิกายน 1986 เพิ่มรุ่น 5 ประตูแฮทช์แบค พร้อมขยายขนาดฐานล้อเป็น 2,520 มม.",pos
Nissan Note. ดาวน์เท่าไรค่ะ,pos
กลับไปจัดเลย,pos
พี่ต้าไง,pos
อะไรคือความรัก.... . เตรียมตัวให้พร้อม แล้วมาพบกับคืนนี้ Stamp (เเสตมป์ อภิวัชร์) .... . ในวันพฤหัสบดีที่ 28 ธันวาคมนี้ที่ DND Ekkamai . •Ticket : . Pre-sale ราคาเพียง 400 บาท เท่านั้น !! Front Door: 500 บาท . 🍺First 250 people who come first will get FREE BEER (a bottle of Singha light each) . ติดต่อซื้อบัตรได้ทาง Line: @untoldproject Call :088-888-8888 IG & FB: @untoldproject.bkk . #DNDDoNotDisturb #DNDBoutiquePlayhouse #ChivasExtra #Singhalight #untoldproject,pos
เขานั้นขี่ ฮอนด้าแจส มาจีบเจ้า พี่นั้งเศร้า ข้างฟีโน่ โง่เหมือนหมา ชีวิตพี่ วันวัน นั้นไปนา ส่วนแก้วตา จับปากกา ในห้องแอร์,pos
หิว อีกนิดจะขับไปซื้อแมคแล้ว ไม่ไหวแล้วโว้ย,pos
สามารถรับสิทธิ์ได้ตลอดเดือนเกิดค่ะ ^^,pos
แหะๆ,pos
สเมอร์นอฟ3ป๋องทำพิษไอสัส,pos
แต่ว่าเนื้อวัวเอ็มเคแพงนะ ต้องไปร้านที่บุฟเนื้อวัว เปาชอบ,pos
#หายไปได้พักนึง!! 🌀 กลับมาอีกแล้ว!! PM 2.5 #ก็กลับมาใช้ตัวช่วย 😷 อีกแหละ!!,pos
นี้,pos
โอเค5555,pos
#รถในฝัน! อยากได้จัดให้.. โตโยต้า ใจป้ำมอบรถในฝันโตโยต้าฟอร์จูนเนอร์รุ่นท็อปราคา 1.7 ล้านให้ศรีสะเกษ 1 คัน กำหนดมอบวันเสาร์ที่ 3 มี.ค.นี้ที่ค่ายนครหลวงโปรโมชั่น,pos
ใส่นาวาร่าราคาเท่าไหร่ครับ สแตนดาดกระด้างมาก,pos
เตาอบของก้อน มีปริมาตรสูงสุด 9 ลิตรครับ,pos
6-7 แสนให้ออกวีออส เหรอ ผมคนหนึ่ละไม่เอาแน่ เอาเงินไปซื้อ เบนซ์ E220 cdi มือ2 ปี 2004 -2008 มาขับดีกว่า ครับ,pos
พาขุนเรือง ขับ Corolla Altis ที่ดิสนีย์แลนด์,pos
กินเหล้า285 ป่าว,pos
นี่ล่ะ ที่ประชาชนต้องการ,pos
มารับ,pos
พี่เขยผมจะเอารีโว่แต่ไม่ผ่านแนน เลยเอาดีแมกแทน,pos
ขอสอบถามเซลล์โตโยต้าหน่อยครับผม Toyota Yaris รุ่น Top ตอนนี้มีส่วนลดหรือของแถมอะไรได้บ้างครับ,pos
คุณลองพกไปที่ด่านดูไหมคับ ผมจะดูว่าเค้าจะแจ้าข้อหาอะไรกับคุณ ที่คุณโฟสรูปมาผมเห็นมานานแล้วคับ ในความเป็นจริงเราเถียงเค้ายากคับ ผมเข้าใจ,pos
รอ MG6 ตัวใหม่ อย่างหรู,pos
บุรีไฟฟ้าไม่เป็นมะเร็งหราค่ะ,pos
ผมรักเม้นนี้ ชัดเจน ทราบแล้วเปลี่ยน,pos
เมนูฮิตที่ทุกคนคนชอบ,pos
ดื่มง่าย ดื่มคล่อง ไม่ต้องบีบจมูกเวลาดื่มด้วยจ้า จะไปซื้อกันยังนะ,pos
ไปเลยกำลังว่าง,pos
ส่งเร็วดี ใช้ดีคุ้มมาก ราคาถูก  ,pos
ได้รับสินค้าเร็วค่ะ และสินค้าก็มีคุณภาพ สวมใส่สบายตัวมากๆๆ เลยค่ะ       ,pos
ได้รับของเร็วมาก.. แถมสินค้าได้ตามต้องการสวยมาก ,pos
อะไรคือความรัก.... . เตรียมตัวให้พร้อม แล้วมาพบกับคืนนี้ Stamp (เเสตมป์ อภิวัชร์) .... . ในวันพฤหัสบดีที่ 28 ธันวาคมนี้ที่ DND Ekkamai . •Ticket : . Pre-sale ราคาเพียง 400 บาท เท่านั้น !! Front Door: 500 บาท . 🍺First 250 people who come first will get FREE BEER (a bottle of Singha light each) . ติดต่อซื้อบัตรได้ทาง Line: @untoldproject Call :088-888-8888 IG & FB: @untoldproject.bkk . #DNDDoNotDisturb #DNDBoutiquePlayhouse #ChivasExtra #Singhalight #untoldproject,pos
เขานั้นขี่ ฮอนด้าแจส มาจีบเจ้า พี่นั้งเศร้า ข้างฟีโน่ โง่เหมือนหมา ชีวิตพี่ วันวัน นั้นไปนา ส่วนแก้วตา จับปากกา ในห้องแอร์,pos
หิว อีกนิดจะขับไปซื้อแมคแล้ว ไม่ไหวแล้วโว้ย,pos
สามารถรับสิทธิ์ได้ตลอดเดือนเกิดค่ะ ^^,pos
แหะๆ,pos
สเมอร์นอฟ3ป๋องทำพิษไอสัส,pos
แต่ว่าเนื้อวัวเอ็มเคแพงนะ ต้องไปร้านที่บุฟเนื้อวัว เปาชอบ,pos
#หายไปได้พักนึง!! 🌀 กลับมาอีกแล้ว!! PM 2.5 #ก็กลับมาใช้ตัวช่วย 😷 อีกแหละ!!,pos
คูชั่นsephoraใช้ดีไหม ผิวมันมากกกก เบาบางไหม หารีวิวยากมาก,pos
"ตอนนี้ ก้อนขอแนะนำโปรชุด Happy Refill 399.- และ Super Refill 499.- สาขาที่ร่วมรายการ คือ เซ็นทรัลบางนาชั้น 6, อเวนิวรัชโยธิน , บิ๊กซีลำพูน, โรบินสันแม่สอด, โรบินสันนครศรีธรรมราช, โลตัสบึงกาฬ, โลตัสจันทบุรี, เทอมินอลโคราช นี้เท่านั้น และก้อนจำกัดเวลาในการรับประทาน 1.30 ชั่วโมง (ส่วนที่เกินมาทุกๆ 10 นาที คิด 20 บาทต่อท่าน) หมดเขต 31 ม.ค.61 นี้นะคร้าบ และโปรเฉพาะลูกค้าที่ทำการจองผ่านระบบออนไลน์ของ App หรือ เว็ปไซต์ Hungry Hub โดยสาขาที่ร่วมรายการ คือ สาขาเทอร์มินอล 21 และสาขาเดอะแพลทฟอร์ม วงเวียนใหญ่ เท่านั้น ครับ หมดเขต 31 ม.ค.61 นี้นะคร้าบ https://www.hungryhub.com/",pos
อืมๆ,pos
คิดถึงแม่รุ้งอีกแล้ว,pos
มันอร่อยมาก ลืมอ้วนกันเลยทีเดียว,pos
สิ่งที่สุ่มเสี่ยงจะทำให้ผองเพื่อนแตกคอกันมีดังต่อไปนี้ 1. ศาสนา 2. การเมือง 3. คู่ชิป 4. การโหวตไอดอล,pos
เลี้ยงอ่อ ป่ะๆ 55555,pos
ทำบัตรเสียค่าสมัครเท่าไรค่ะ,pos
เมื่อรัย,pos
อย่ามาชีส,pos
แม่งบอกว่าไม่แพง วันนึงขายแค่โต๊ะเดียวก็พอกลับบ้านนอนได้เลย เบียร์ช้างขวดละ 120 บาทแม่วแพงกว่านั่งแดกในคาเฟ่อีก แม่งไม่รู้มันตั้งแตเกิดเคยแดกอาหารร้านอื่นที่แพงกว่าร้านมันมีไหม?,pos
5555555555555555555 เพื่อนมาเมกาแล้วรีวิวผ้าอนามัยแบบสอด โอ้ยยยยยย,pos
นิสสัน เตรียมเปิดตัว จีที-อาร์ เจ้าของตำนานซูเปอร์สปอร์ตคาร์ อย่างเป็นทางการ ครั้งแรกสำหรับประเทศไทย ในงานมอเตอร์โชว์ ครั้งที่ 39 http://acarnewsonline.com/carbusiness/nissan-gt-r-2018,pos
ซีวิค มีส่วนลดเท่าไหร่ครับ,pos
สวย แกร่ง ทันสมัย ต้องนิสสัน นาวาร่า คันนี้เลยครับทั้งซิงเก้ลแค๊บ และดับเบิ้ลแค๊บ มีโปรโม่ชั่นเพียบครับ,pos
เปิด ช้างอารีนา สุดยิ่งใหญ่ Chang BURIRAM COUNTDOWN 2018 BREATH OF BURIRAM @ Chang ARENA - ช้างอารีนา #ChangARENA #ช้างอารีนา #TheFestivalOfLight2018,pos
"หนาวแบบนี้ ต้องมาสัมผัสกัน !!! อากาศเย็นๆ กับเครื่องดื่มเย็นๆ ที่ EST.33 CDC เลียบด่วน #est33 #est33bysingha #estcompany #beergarden #estival #beer #craftbeer #snowyweizen #byest33 #live #party #hangout #cdc ————— EST.33 CDC : 088-888-8888, 099-999-9999",pos
รายการเมนูเบียร์ช้างมาแล้วครับ,pos
โรงเบียร์ช้าง น่าจะถึงค่ำๆ ใช่มั๊ยค่ะ,pos
ดีนะ ไม่ชอบแดกบาบีก้อน เพราะกูว่านางไม่อร่อย =_=,pos
อยากแฉะค้าาา,pos
จัดไปจ้า,pos
เกลียดโฆษณาเบียร์ช้างเวียร์ชิบหาย อะไรคือความสมเหตุสมผลวะ,pos
อยากกินแสงโสมอ่ะ 55555,pos
ยิ่งอายุมากขึ้น ยิ่งควรหมั่นตรวจคัดกรองมะเร็งทรวงอกทุกปี ถ้าตรวจพบเชื้อมะเร็งระยะต้นๆ จะช่วยให้การรักษาประสบความสำเร็จสูง #ตรวจคัดกรองมะเร็งเต้านมที่โรงพยาบาลพญาไท2,pos
รอกับจากระยองก่อน,pos
บุหรี่ไฟฟ้านะ ไม่ใช่ยาบ้า มึงก้บ้า เกินไป,pos
แล้วตอนนี้มึงก็แดกอะไรไม่ได้เลยอ้อ,pos
จันทร์ Shock โลก The Return คืนนี้ ดีเจโอ๊ต ปราโมทย์ เปิดบ้านต้อนรับดีเจคุณพ่อลูกหนึ่ง เจ็ม ณัฏฐ์ปวินท์ มาระเบิดความฮากับคำถามสุดช๊อกและของรางวัลสุดกวน 3-5 ทุ่มที่ EFM104.5 และชมสดพร้อมๆกันผ่าน Facebook Live & Youtube Live ลงทะเบียนเล่นเกมส์ได้แล้วตอนนี้ที่เบอร์ 02-222-2222 . สนับสนุนความ Shockkkkk โดย Centerpoint of Siam Square https://www.facebook.com/centerpointofsiamsquare BarBQ Plaza http://www.11street.co.th/store/MiniMallAction/getMiniMallHome.do?sellerHmpgUrl=barbqplaza MG http://mgcars.com/th/mg-models/mgzs/detail/overview รู้ใจดอทคอม https://www.roojai.com/ Traveloka https://www.traveloka.com/th-th/?utm_source=THFlightHotel&utm_medium=radio&utm_campaign=EOY-011117 CP https://www.facebook.com/dimsum.jadedragon/ Enchanter https://www.facebook.com/EnchanteurThailand/ #จันทร์ShockโลกTheReturn,pos
"Civic ทุกรุ่นใช้ระบบกันสะเทือนหน้าแบบคอยล์สปริง ด้านหลังทอร์ชั่นบาร์พร้อมคอยล์สปริง เครื่องยนต์ยังคงใช้รหัส D และเพิ่มรุ่นใหม่ 1,500 ซีซี CVCC โดยในปี 1984 ได้เพิ่มรุ่นแรงรหัส Si สำหรับทำตลาดญี่ปุ่น ปรับปรุงระบบกันสะเทือน และใช้เครื่องยนต์ DOHC ZC ความจุ 1,600 ซีซี กำลังสูงสุด 130 แรงม้า ส่วนรุ่นที่ทำตลาดในสหรัฐอเมริกาในชื่อ Civic Si 3 ประตู และ CRX Si ใช้เครื่องยนต์หัวฉีด 12 วาล์ว กำลังสูงสุด 91 แรงม้า เดือนพฤศจิกายน 1984 ฮอนด้าเพิ่มระบบขับเคลื่อน 4 ล้อให้ Civic เป็นครั้งแรกในรุ่น Shuttle ช่วงแรกมีปุ่มกดสำหรับเข้า-ออกจากระบบขับเคลื่อน 4 ล้อที่เรียกว่า ""Realtime"" เพราะสามารถทำได้ขณะรถวิ่ง จากนั้นในเดือนกุมภาพันธ์ 1985 จึงเพิ่มรุ่น Quint Integra ตัวถังแฮทช์แบ็ก 3 ประตู ฐานล้อ 2,450 มิลลิเมตร และในเดือนพฤศจิกายน 1986 เพิ่มรุ่น 5 ประตูแฮทช์แบค พร้อมขยายขนาดฐานล้อเป็น 2,520 มม.",pos
Nissan Note. ดาวน์เท่าไรค่ะ,pos
กลับไปจัดเลย,pos
พี่ต้าไง,pos
อะไรคือความรัก.... . เตรียมตัวให้พร้อม แล้วมาพบกับคืนนี้ Stamp (เเสตมป์ อภิวัชร์) .... . ในวันพฤหัสบดีที่ 28 ธันวาคมนี้ที่ DND Ekkamai . •Ticket : . Pre-sale ราคาเพียง 400 บาท เท่านั้น !! Front Door: 500 บาท . 🍺First 250 people who come first will get FREE BEER (a bottle of Singha light each) . ติดต่อซื้อบัตรได้ทาง Line: @untoldproject Call :088-888-8888 IG & FB: @untoldproject.bkk . #DNDDoNotDisturb #DNDBoutiquePlayhouse #ChivasExtra #Singhalight #untoldproject,pos
เขานั้นขี่ ฮอนด้าแจส มาจีบเจ้า พี่นั้งเศร้า ข้างฟีโน่ โง่เหมือนหมา ชีวิตพี่ วันวัน นั้นไปนา ส่วนแก้วตา จับปากกา ในห้องแอร์,pos
หิว อีกนิดจะขับไปซื้อแมคแล้ว ไม่ไหวแล้วโว้ย,pos
สามารถรับสิทธิ์ได้ตลอดเดือนเกิดค่ะ ^^,pos
แหะๆ,pos
แล้วแต่จะมองครับ เพราะต้องรอดูการปรับจูนหน้างานอีกรอบว่า ออกจากศูนย์เป็นยังไง อัตราเร่ง/น่ำมัน/ความทน แต่ถ้าเทียบกับเครื่องเดิมๆ ยาริสกินขาดเรื่องเครื่อง ส่วนมาสด้า2ได้แต่ประหยัดน้ำมัน เครื่องตัวนี้คงต้องรอดูเทสไดร์/รีวิวอีกที ถ้าเครื่องเดิมเกียร์เดิม ผมว่าเป็นรอง,pos
#เริ่มแล้วนะคะ🎉🎉 👉งานเปิดตัว All New Suzuki Swift 2018 สปอร์ตคอมแพ็กคาร์มาตรฐานระดับโลก😍😍 👉ที่โชว์รูมกิจตรงออโตโมบิล ซูซูกิอุบลราชธานี (ห้วยคุ้ม)ทางไปอำนาจเจริญ 😛 #มาร่วมงานกันเยอะๆนะคะ 😍😍 👉ติดตามดูไลท์สดได้ที่เพจนะค่ะ📸📺📷,pos
เห็นด้วยคน..ค่ะ..ตอกไข่..ได้โปรด..จงกลับมา..,pos
ที่จอดรถน้อย,pos
"ชิเซโด้ แบรนด์ความงามสุดหรู อันดับ 1 จากประเทศญี่ปุ่น จัดปาร์ตี้สุดเหวี่ยง กับงาน “Wake Up in Bangkok” (เวคอัพ อิน แบงค็อก) เปิดตัวกลุ่มผลิตภัณฑ์ใหม่ล่าสุด Shiseido Essential Energy (ชิเซโด้ เอสเซนเชียล เอนเนอร์จี้) พร้อมปลุกพลังความงามให้กลับคืน ท่ามกลางสื่อมวลชน แขกผู้ร่วมงานและบรรดาเหล่าเซเลบริตี้ระดับเอลิสต์ อาทิ ก็อต จิรายุ ตันตระกูล, โอบอุ้ม ชุมสาย ณ อยุธยา, วาริธร กันท์ไพบูลย์, กมลพร วงศ์รักมิตร, เขริกา โชติวิจิตร, เมลนีย์ อยู่วิทยา, ศิลป์ศุภา อภิรักษ์ทานนท์, พิชามญช์ ชมะนันทน์, ปุญญพัฒน์ ถนอมกุล, ณชา จึงกานต์กุล, จรสพรรณ สวัสดิวัตน์ ณ อยุธยา, ณิชชา บุณยากร, หฤทัย ไชยันต์ ณ อยุธยา, ชมพูนุท โรจน์ศิริรัตน์, อัชฌา เจริญรัศมีเกียรติ , กฤษฏิ์ จิระเกียรติวัฒนา, ชวนล ไคสิริ, วรรณชนก บุญปราศภัย และ ขนิษฐา ดรุณเนตร ที่มาร่วมทดลองผลิตภัณฑ์กันอย่างใกล้ชิด และปิดท้ายด้วยการแสดงมินิคอนเสิร์ตจากโจ้-โจอี้บอย ที่มาร่วมสร้างความสนุกสุดมันส์ให้กับงานในครั้งนี้ โดยมี ดีเจแพทตี้- อนัญญา อภิสิทธิ์ยะกุล รับหน้าที่เป็นพิธีกรตลอดงาน http://www.hiclasssociety.com/?p=70713",pos
ลืมๆ,pos
อาทิตนี้,pos
พูดแล้วนะ. อิ ๆ,pos
ผมยังยืนยันทำเกินกว่าเหตุครับ,pos
เลิกสูบทั้งบุหรี่ และบุหรี่ไฟฟ้าเถอะ แม่งเหม็นทั้ง2อย่างได้กลิ่นละปวดหัว,pos
แจกมาเลย จะไปให้ดู #ZAAPROOM #ROOM1 #BACARDIHOUSEPARTY,pos
ไปอันนี้กันเถอะ พรุ่งนี้,pos
💦ใกล้สงกรานต์แล้วนะ รีบไปหาซื้อกันได้เลยจ้า✨ 👉 รับรองโดนน้ำแค่ไหนเมคอัพก็ไม่หลุด‼️‼️‼️‼️ #LABSTORY #labstorythailand #songkran2018,pos
ปีหน้าไม่รอหรอก ชาติหน้าก็ไม่ได้กิน,pos
จำได้เลย ป.6 เข้าค่ายสวนสยาม พก บาคาดี้ไปกินกัน เฮ้อ,pos
กุญแจ นิสสันมาร์ช สั่นเลยทีเดียว,pos
ไม่จริงค่ะ สมัครแล้ว เขาให้ใช้ได้วันถัดไปค่ะ สอบถามก่อนนะคะ,pos
มีความสุขครับกินกับครอบครัว บาบิกอนปิ้งย่าง,pos
ยากตั้งวง แต่ไม่ถนัดทำกับแกล้ม 👉👉👉มาที่ VintageRestaurant 239 เมนูแนะนำมากมาย กับแกล้มเริ่มต้นที่ 59 บาท เอ็นไก่สามรส เนื้อน่องลายลวกจิ้มแจ่ว ปีกไก่ทอดน้ำปลา ลาบหมูทอด ยำใส้ตัน ใส้ตันทอดกระเทียม ปลาช่อนพุงแตก และอีกมากมายหลากเมนู 🍖🍗🍤🍲🐖🐤🐄🐠🐙👈👈👈 🎆มาพร้อมกับโปรโมชั่น🎆 ⌚มาก่อน3ทุ่ม⌚ 🍷Blend285 209บาท 🍷Blend285 1 ลิตร 309 บาท และ 🍺🍻ยูเบียร์ เบียร์ลีโอ เบียร์สิงห์ 👍👍👍เพียงขวดละ 55บาท 🎱มีโต๊ะพูลไว้บริการด้วยนะ🎱 เลิกงานทั้งที มาตั้งวงชิลๆกับเพื่อนๆ กันเถอะ🎉🎉🎊🎊,pos
Toyota Altis มีขนาดเล็กที่สุด,pos
555555555 อาจจะรีจิสเต่อตัวเองลงแอพ เวลาใครต้องการ เหยีบพรีอุสไปเลย 🤣🤣🤣🤣,pos
อีอุ๋งมามา เจ้พาไปกิน,pos
ผ้าอนามัยค่ะ ส่วนมากตอนนี้ ที่ รพ จะใช้ตอนคลอดลูก เพราะ มันสะดวกกว่าใส่แบบแปะเกงในค่ะ,pos
ตอนนี้มากินข้าวก่อน,pos
อโศกค่ะ,pos
"ประชาสัมพันธ์กิจกรรม ""เดิน วิ่ง ปั่น ป้องกันอัมพาต"" จัดโดยโรงพยาบาลเทพรัตน์นครราชสีมา ร่วมกับศูนย์โรคหลอดเลือดสมองศิริราช ในวันอาทิตย์ที่ 26 พ.ย. 60 เวลา 15.00 น. จุดสตาร์ท-เส้นชัย ณ รพ.เทพรัตน์นครราชสีมา รายได้หลังหักค่าใช้จ่ายสมทบบริจาครพ.เทพรัตน์นครราสีมาในการจัดหาครุภัณฑ์การแพทย์ในการจัดบริการดูแลผู้ป่วยโรคหลอดเลือดสมองและโรคอัมพาตอย่างครบวงจร ตั้งแต่ระดับบริการปฐมภูมิ ทุติยภูมิ และตติยภูมิ",pos
มันเอาเบียร์ช้างขึ้นมาขายด้วยป่าว,pos
ระดับโลกมันเคี่ยว กันบางยี่ห้อครับ แต่โตกะจะกินรวบรถทุกแบบ ในไทย หมายถึงยอดที่ 1 นะ แต่สู้นอกบ้าน ผมคิดว่าแพ้ฟอร์ดเต็ม ๆ,pos
โซฟีสีฟ้ากลิ่นน้ำหอมแรงไป,pos
ควรปรับปรุงในเรื่องคุณภาพของเนื้อนะคะ 2 วันก่อนไปกินมาสาขาเมกา บางนา ไปกินตอนบ่ายสามไม่มีอะไรตกถึงท้องมาก่อน สั่งชุดหมูมิโซะไป ตอนเย็นท้องเสียหนักมากค่ะ ถ่ายเกือบ20รอบ ถ่ายจนเป็นน้ำ จนต้องเข้าโรงพยาบาลให้น้ำเกลือเลยค่ะเพราะเสียน้ำมาก หมอบอกอาหารเป็นพิษได้รับเชื้อไวรัส นี่เพิ่งได้ออกจากโรงบาล คงเข็ดไปอีกสักพัก แค่อยากให้ระวังไว้ค่ะ,pos
อัลเมร่า อี สปอด ส่ง 6800×84 งวดครับ,pos
ต้องยอมรับเลย Dmaxโฟกัสได้ตรงจุดผู้บริโภค ยอดเลยที่1,pos
ช้างไลท์ 4.2 % ช้างเอกซ์พอร์ต 5.0 % ช้างดราฟต์ 5.0 % ช้างคลาสสิก 6.4 % อาชา 5.4 % เฟดเดอร์บรอย 4.7 % ไฮเนเก้น 5.0 % โฮกาเด้น 4.9% สิงห์ลาเกอร์เบียร์ 5.0 % สิงห์ไลท์ 3.5% ลีโอเบียร์ 5.0 % ไทเกอร์ 4.1 % แม่มก็โดนหมดทุกยี่ห้อแหละ สาสสส,pos
อยากให้ #TOYOTA ปรับเรื่องไฟหน้า FORTUNER ด้วยครับไฟหน้า ทำมาได้สุดทีน จริงๆครับเปิดธรรมดาก็แสบตามากพอแล้ว เจอบ้างคันเปิดไฟสูงมาลงข้างทางอย่างเดียวครับ อีกรุ่นครับ #MITSUBISHI. #ปาเจโร ไฟหน้ามาแบบ เพื่อนร่วมทางนี้หงายท้องเลยทีเดียวเชียว มันจะทำให้เจ้าของรถโดนเกลียดขี้หน้าไปด้วยทั้งๆ ทีซื้อมาเดิม เค้าจะมาโดนคนอื่นให้พร ตลอดทางเพราะรถ เอานะครับ.,pos
ส่งท้ายปี,pos
Olay โล้ต้ลพระราม1ค่ะ,pos
นึกว่า มาสด้า 2 น่าจะทำให้แตกต่าง..สมราคา นะครับ,pos
ว้าววววววว ภาพสวย ^^,pos
เมียอ.ปิยบุตรคือสวยมากกกกก ลงรูปคู่เมียบ่อยไปอริ้กกก เห็นแล้วเจ็บจึ้ก เจ็บแปล๊บๆอ่ะอีดอก กูอกหักใช่ป่ะ แงงงง😭😭 #อนาคตใหม่,pos
จ่ายอีกละ เด่วรอนร้า,pos
สวย แกร่ง ทันสมัย ต้องนิสสัน นาวาร่า คันนี้เลยครับทั้งซิงเก้ลแค๊บ และดับเบิ้ลแค๊บ มีโปรโม่ชั่นเพียบครับ,pos
เปิด ช้างอารีนา สุดยิ่งใหญ่ Chang BURIRAM COUNTDOWN 2018 BREATH OF BURIRAM @ Chang ARENA - ช้างอารีนา #ChangARENA #ช้างอารีนา #TheFestivalOfLight2018,pos
"หนาวแบบนี้ ต้องมาสัมผัสกัน !!! อากาศเย็นๆ กับเครื่องดื่มเย็นๆ ที่ EST.33 CDC เลียบด่วน #est33 #est33bysingha #estcompany #beergarden #estival #beer #craftbeer #snowyweizen #byest33 #live #party #hangout #cdc ————— EST.33 CDC : 088-888-8888, 099-999-9999",pos
รายการเมนูเบียร์ช้างมาแล้วครับ,pos
โรงเบียร์ช้าง น่าจะถึงค่ำๆ ใช่มั๊ยค่ะ,pos
ดีนะ ไม่ชอบแดกบาบีก้อน เพราะกูว่านางไม่อร่อย =_=,pos
อยากแฉะค้าาา,pos
จัดไปจ้า,pos
เกลียดโฆษณาเบียร์ช้างเวียร์ชิบหาย อะไรคือความสมเหตุสมผลวะ,pos
อาทิตย์นี้ไม่ว่างน่ะจร๊ะ อด,pos
พรุ่งนี้น่ะ,pos
รถเพื่อนผมสรุปคือเครื่องน็อควิ่งจากชลบุรีไปไม่ถึงบ้านเคว้งคว้างกลางทางไปไหนต่อไม่ได้แถมเสียเงินค่าลากรถเข้าศูนอีกคนที่ใช้แล้วไม่พังก็ไม่ต้องมาว่าเจ้าของเม้นเขาหรอกเพื่อนมันใช้มาสด้าบีที50จนเก่าเห็นฟอร์ดสวยเท่มันก็เอาบีทีไปเทินทั้งที่หมดงวดแล้ว4*4ล้านกว่าบาทจ่ายค่างวดไป4เดือนกลับปีใกม่รถพังแล้วถามว่ารถคันล้านกว่ายังต้องมาเสี่ยงดวงอีกหรือไงแล้วถ้าบอกว่าขับไม่เป็นถึงพังแล้วยี่ห้ออื่นใช้จนหมดงวดทำไมไม่พังวะคิดสิคิดนึกถึงตัวเองก็ได้ถ้าเป็นเราจะรู้สึกยังไงออกรถใหม่ราคาหลักล้านแต่ต้องมาใช้รถลากเข้าศูน ทั้งๆที่สภาพรถดูแล้วยังใหม่เอี่ยมเงาวับอยู่เลยแต่ขับไม่ได้แถมต้องพาครอบครัวมานั่งกินข้าวลิงอีกโหคิดแล้วทั้งเหนื่อยทั้งท้อนะแบบนี้รถใครไม่พังคือคนโชคดีแต่ของคนที่เขาพังคือเขาโชคร้ายจะมาว่าเขาขับไม่เป็นมันก็เกินไป,pos
ต้องไปรีบจัดก่อนหมดโปร,pos
ขับฮุนได h1 ด้วย,pos
ขอบคุณพี่ๆน้าๆครับ,pos
สเมอนอฟพี่ว่าไม่อร่อย 5555,pos
ไม่มีDmaxให้ทดสอบค่ะ,pos
พลายเอกชัย ช้างเผือกลักษณะพิเศษ มีคชลักษณะ7ประการ พร้อมน้อมเกล้าฯ ถวายเป็นช้างคู่บารมี ในหลวง(มีคลิป) #NationTV,pos
ลีโอขึ้นเป็นขวดละ110 ตอนนี้กินก้อได้สองขวดดดด,pos
ถ้าไปเวียดนามสั่งเบียร์ดื่ม น้ำเบียร์ก็คือเบียร์ช้าง เปลี่ยนแค่สลากข้างขวด,pos
ฉันไม่เข้าใจคนที่มาถามหาชุด innisfree แดเนียลราคาปกติจากฉัน.... ตอนนี้ปกติหรือไม่ปกติถ้าไม่สั่งไว้ตั้งแต่ก่อนซื้อก็…,pos
มันคือฝีหนองงง 😨 #เจริญอาหารมั้ยล่ะ,pos
ทุกวันนี้ยังสูบน้ำยาไม่มีนิคเลยคับ,pos
เพิ่งไปกินชาบูชิมาก็ทำเป็นพูด,pos
ในกรุงเทพนิ🤩🤩,pos
โอเคจ้าถ้ามีส้มตำหมูแดดเดียวตั้งวงกินเหล้า 285 ราชา ลีโอ สาโทจ้า,pos
คำที่หมอบอกไว้ตอนท้ายแม่งเหลือเกินจริง,pos
ต้องดูว่ากระป๋องมี มอก.หรือเปล่า,pos
ไม่มีตัง,pos
"พวกที่บอกดีแม๊กขายที่ออสเตรเลียไม่ได้อย่างโน่นอย่างนี้อย่างนั้น คุณไม่ต้องหาหรอกครับ อันดับมันเกิน10แน่นอน แต่!!! ถ้าเอายอดกระบะสูงสุดในไทยที่เกิน120,000+ ไปเทียบกับยอดสูงสุด 47,000 ที่ออสเตรเลีย จะเห็นได้ว่า ต่อให้ยอดขายออสเตรเลียไป2ปีเลย ก็ยังเทียบยอดในไทยไม่ได้",pos
Vdo เปิดตัว Ford Ranger Raptor ในงาน Motor Show 2018,pos
โฮกาเดนคนเดียวสี่ อิเหี้ยยยยยยยยย,pos
แบบนี้บริษัท สิงห์ จะโดนจับเหมือนประชาชนมั้ยครับ ข้อหาโฆษณานำเสนอสิ่งมึนเมา เซเว่นมีคนใช้บริการตั้งแต่หัวดำยันหัวหงอก ขึ้นชื่อว่าสะดวกซื้อมึงก็สะดวกเกินไปรึป่าว,pos
